<Sprite type="sprite_animated" >
  <ImageFilename>
    data/gfx/fish_03.png
  </ImageFilename>
  <ImageRect x="-109" y="375" w="50" h="26">
  </ImageRect>
  <Z>
    101
  </Z>
  <Alpha>
    255
  </Alpha>
  <CurrentAnimation>
    swim_right
  </CurrentAnimation>
  <CurrentFrame>
    0
  </CurrentFrame>
  <MiniumUpdateTime>
    50
  </MiniumUpdateTime>
  <Play>
    1
  </Play>
  <TimeMultiply>
    1
  </TimeMultiply>
  <Animation name="swim_right" loop="1" >
    <Frame type="frame_rect" >
      <Rect x="0" y="0" w="50" h="26">
      </Rect>
      <FrameLength>
        50
      </FrameLength>
    </Frame>
  </Animation>
  <Animation name="swim_left" loop="1" >
    <Frame type="frame_rect" >
      <Rect x="0" y="26" w="50" h="26">
      </Rect>
      <FrameLength>
        50
      </FrameLength>
    </Frame>
  </Animation>

  <Animation name="panic_right" loop="1" >
    <Frame type="frame_rect" >
      <Rect x="0" y="0" w="50" h="26">
      </Rect>
      <FrameLength>
        50
      </FrameLength>
    </Frame>
  </Animation>
  <Animation name="panic_left" loop="1" >
    <Frame type="frame_rect" >
      <Rect x="0" y="26" w="50" h="26">
      </Rect>
      <FrameLength>
        50
      </FrameLength>
    </Frame>
  </Animation>
</Sprite>
