<Sprite type="sprite_animated" >
  <ImageFilename>
    data/gfx/fish_04.png
  </ImageFilename>
  <ImageRect x="809" y="375" w="100" h="35">
  </ImageRect>
  <Z>
    101
  </Z>
  <Alpha>
    255
  </Alpha>
  <CurrentAnimation>
    swim_right
  </CurrentAnimation>
  <CurrentFrame>
    0
  </CurrentFrame>
  <MiniumUpdateTime>
    50
  </MiniumUpdateTime>
  <Play>
    1
  </Play>
  <TimeMultiply>
    1
  </TimeMultiply>
  <Animation name="swim_right" loop="1" >
    <Frame type="frame_rect" >
      <Rect x="0" y="0" w="100" h="35">
      </Rect>
      <FrameLength>
        50
      </FrameLength>
    </Frame>
    <Frame type="frame_rect" >
      <Rect x="100" y="0" w="100" h="35">
      </Rect>
      <FrameLength>
        50
      </FrameLength>
    </Frame>
    <Frame type="frame_rect" >
      <Rect x="200" y="0" w="100" h="35">
      </Rect>
      <FrameLength>
        50
      </FrameLength>
    </Frame>
    <Frame type="frame_rect" >
      <Rect x="100" y="0" w="100" h="35">
      </Rect>
      <FrameLength>
        50
      </FrameLength>
    </Frame>
    <Frame type="frame_rect" >
      <Rect x="0" y="0" w="100" h="35">
      </Rect>
      <FrameLength>
        450
      </FrameLength>
    </Frame>
  </Animation>
  <Animation name="swim_left" loop="1" >
    <Frame type="frame_rect" >
      <Rect x="500" y="0" w="100" h="35">
      </Rect>
      <FrameLength>
        50
      </FrameLength>
    </Frame>
    <Frame type="frame_rect" >
      <Rect x="400" y="0" w="100" h="35">
      </Rect>
      <FrameLength>
        50
      </FrameLength>
    </Frame>
    <Frame type="frame_rect" >
      <Rect x="300" y="0" w="100" h="35">
      </Rect>
      <FrameLength>
        50
      </FrameLength>
    </Frame>
    <Frame type="frame_rect" >
      <Rect x="400" y="0" w="100" h="35">
      </Rect>
      <FrameLength>
        50
      </FrameLength>
    </Frame>
    <Frame type="frame_rect" >
      <Rect x="500" y="0" w="100" h="35">
      </Rect>
      <FrameLength>
        450
      </FrameLength>
    </Frame>
  </Animation>

  <Animation name="panic_right" loop="1" >
    <Frame type="frame_rect" >
      <Rect x="0" y="0" w="100" h="35">
      </Rect>
      <FrameLength>
        50
      </FrameLength>
    </Frame>
    <Frame type="frame_rect" >
      <Rect x="100" y="0" w="100" h="35">
      </Rect>
      <FrameLength>
        50
      </FrameLength>
    </Frame>
    <Frame type="frame_rect" >
      <Rect x="200" y="0" w="100" h="35">
      </Rect>
      <FrameLength>
        50
      </FrameLength>
    </Frame>
    <Frame type="frame_rect" >
      <Rect x="100" y="0" w="100" h="35">
      </Rect>
      <FrameLength>
        50
      </FrameLength>
    </Frame>
  </Animation>
  <Animation name="panic_left" loop="1" >
    <Frame type="frame_rect" >
      <Rect x="500" y="0" w="100" h="35">
      </Rect>
      <FrameLength>
        50
      </FrameLength>
    </Frame>
    <Frame type="frame_rect" >
      <Rect x="400" y="0" w="100" h="35">
      </Rect>
      <FrameLength>
        50
      </FrameLength>
    </Frame>
    <Frame type="frame_rect" >
      <Rect x="300" y="0" w="100" h="35">
      </Rect>
      <FrameLength>
        50
      </FrameLength>
    </Frame>
    <Frame type="frame_rect" >
      <Rect x="400" y="0" w="100" h="35">
      </Rect>
      <FrameLength>
        50
      </FrameLength>
    </Frame>
  </Animation>


  <Animation name="death_right" loop="0" >
    <Frame type="frame_rect" >
      <Rect x="0" y="35" w="100" h="100">
      </Rect>
      <FrameLength>
        50
      </FrameLength>
    </Frame>
    <Frame type="frame_rect" >
      <Rect x="100" y="35" w="100" h="100">
      </Rect>
      <FrameLength>
        50
      </FrameLength>
    </Frame>
    <Frame type="frame_rect" >
      <Rect x="200" y="35" w="100" h="100">
      </Rect>
      <FrameLength>
        50
      </FrameLength>
    </Frame>
    <Frame type="frame_rect" >
      <Rect x="300" y="35" w="100" h="100">
      </Rect>
      <FrameLength>
        50
      </FrameLength>
    </Frame>
    <Frame type="frame_rect" >
      <Rect x="400" y="35" w="100" h="100">
      </Rect>
      <FrameLength>
        50
      </FrameLength>
    </Frame>
    <Frame type="frame_rect" >
      <Rect x="500" y="35" w="100" h="100">
      </Rect>
      <FrameLength>
        50
      </FrameLength>
    </Frame>
  </Animation>
  <Animation name="death_left" loop="0" >
    <Frame type="frame_rect" >
      <Rect x="500" y="135" w="100" h="100">
      </Rect>
      <FrameLength>
        50
      </FrameLength>
    </Frame>
    <Frame type="frame_rect" >
      <Rect x="400" y="135" w="100" h="100">
      </Rect>
      <FrameLength>
        50
      </FrameLength>
    </Frame>
    <Frame type="frame_rect" >
      <Rect x="300" y="135" w="100" h="100">
      </Rect>
      <FrameLength>
        50
      </FrameLength>
    </Frame>
    <Frame type="frame_rect" >
      <Rect x="200" y="135" w="100" h="100">
      </Rect>
      <FrameLength>
        50
      </FrameLength>
    </Frame>
    <Frame type="frame_rect" >
      <Rect x="100" y="135" w="100" h="100">
      </Rect>
      <FrameLength>
        50
      </FrameLength>
    </Frame>
    <Frame type="frame_rect" >
      <Rect x="0" y="135" w="100" h="100">
      </Rect>
      <FrameLength>
        50
      </FrameLength>
    </Frame>
  </Animation>

</Sprite>
