<Sprite type="sprite_animated" >
  <ImageFilename>
    data/gfx/fish_05.png
  </ImageFilename>
  <ImageRect x="809" y="375" w="50" h="26">
  </ImageRect>
  <Z>
    101
  </Z>
  <Alpha>
    255
  </Alpha>
  <CurrentAnimation>
    swim_right
  </CurrentAnimation>
  <CurrentFrame>
    0
  </CurrentFrame>
  <MiniumUpdateTime>
    50
  </MiniumUpdateTime>
  <Play>
    1
  </Play>
  <TimeMultiply>
    1
  </TimeMultiply>

  <Animation name="swim_right" loop="1" >
    <Frame type="frame_rect" >
      <Rect x="0" y="0" w="56" h="35">
      </Rect>
      <FrameLength>
        50
      </FrameLength>
    </Frame>
    <Frame type="frame_rect" >
      <Rect x="56" y="0" w="56" h="35">
      </Rect>
      <FrameLength>
        50
      </FrameLength>
    </Frame>
    <Frame type="frame_rect" >
      <Rect x="112" y="0" w="56" h="35">
      </Rect>
      <FrameLength>
        50
      </FrameLength>
    </Frame>
    <Frame type="frame_rect" >
      <Rect x="56" y="0" w="56" h="35">
      </Rect>
      <FrameLength>
        50
      </FrameLength>
    </Frame>
    <Frame type="frame_rect" >
      <Rect x="0" y="0" w="56" h="35">
      </Rect>
      <FrameLength>
        350
      </FrameLength>
    </Frame>
  </Animation>

  <Animation name="swim_left" loop="1" >
    <Frame type="frame_rect" >
      <Rect x="280" y="0" w="56" h="35">
      </Rect>
      <FrameLength>
        50
      </FrameLength>
    </Frame>
    <Frame type="frame_rect" >
      <Rect x="224" y="0" w="56" h="35">
      </Rect>
      <FrameLength>
        50
      </FrameLength>
    </Frame>
    <Frame type="frame_rect" >
      <Rect x="168" y="0" w="56" h="35">
      </Rect>
      <FrameLength>
        50
      </FrameLength>
    </Frame>
    <Frame type="frame_rect" >
      <Rect x="224" y="0" w="56" h="35">
      </Rect>
      <FrameLength>
        50
      </FrameLength>
    </Frame>
    <Frame type="frame_rect" >
      <Rect x="280" y="0" w="56" h="35">
      </Rect>
      <FrameLength>
        350
      </FrameLength>
    </Frame>
  </Animation>

  <Animation name="panic_right" loop="1" >
    <Frame type="frame_rect" >
      <Rect x="0" y="0" w="56" h="35">
      </Rect>
      <FrameLength>
        50
      </FrameLength>
    </Frame>
    <Frame type="frame_rect" >
      <Rect x="56" y="0" w="56" h="35">
      </Rect>
      <FrameLength>
        50
      </FrameLength>
    </Frame>
    <Frame type="frame_rect" >
      <Rect x="112" y="0" w="56" h="35">
      </Rect>
      <FrameLength>
        50
      </FrameLength>
    </Frame>
    <Frame type="frame_rect" >
      <Rect x="56" y="0" w="56" h="35">
      </Rect>
      <FrameLength>
        50
      </FrameLength>
    </Frame>
  </Animation>
  <Animation name="panic_left" loop="1" >
    <Frame type="frame_rect" >
      <Rect x="280" y="0" w="56" h="35">
      </Rect>
      <FrameLength>
        50
      </FrameLength>
    </Frame>
    <Frame type="frame_rect" >
      <Rect x="224" y="0" w="56" h="35">
      </Rect>
      <FrameLength>
        50
      </FrameLength>
    </Frame>
    <Frame type="frame_rect" >
      <Rect x="168" y="0" w="56" h="35">
      </Rect>
      <FrameLength>
        50
      </FrameLength>
    </Frame>
    <Frame type="frame_rect" >
      <Rect x="224" y="0" w="56" h="35">
      </Rect>
      <FrameLength>
        50
      </FrameLength>
    </Frame>
  </Animation>

  <Animation name="death_right" loop="0" >
    <Frame type="frame_rect" >
      <Rect x="0" y="35" w="56" h="56">
      </Rect>
      <FrameLength>
        50
      </FrameLength>
    </Frame>
    <Frame type="frame_rect" >
      <Rect x="56" y="35" w="56" h="56">
      </Rect>
      <FrameLength>
        50
      </FrameLength>
    </Frame>
    <Frame type="frame_rect" >
      <Rect x="112" y="35" w="56" h="56">
      </Rect>
      <FrameLength>
        50
      </FrameLength>
    </Frame>
    <Frame type="frame_rect" >
      <Rect x="168" y="35" w="56" h="56">
      </Rect>
      <FrameLength>
        50
      </FrameLength>
    </Frame>
    <Frame type="frame_rect" >
      <Rect x="224" y="35" w="56" h="56">
      </Rect>
      <FrameLength>
        50
      </FrameLength>
    </Frame>
    <Frame type="frame_rect" >
      <Rect x="280" y="35" w="56" h="56">
      </Rect>
      <FrameLength>
        50
      </FrameLength>
    </Frame>
  </Animation>
  <Animation name="death_left" loop="0" >
    <Frame type="frame_rect" >
      <Rect x="280" y="91" w="56" h="56">
      </Rect>
      <FrameLength>
        50
      </FrameLength>
    </Frame>
    <Frame type="frame_rect" >
      <Rect x="224" y="91" w="56" h="56">
      </Rect>
      <FrameLength>
        50
      </FrameLength>
    </Frame>
    <Frame type="frame_rect" >
      <Rect x="168" y="91" w="56" h="56">
      </Rect>
      <FrameLength>
        50
      </FrameLength>
    </Frame>
    <Frame type="frame_rect" >
      <Rect x="112" y="91" w="56" h="56">
      </Rect>
      <FrameLength>
        50
      </FrameLength>
    </Frame>
    <Frame type="frame_rect" >
      <Rect x="56" y="91" w="56" h="56">
      </Rect>
      <FrameLength>
        50
      </FrameLength>
    </Frame>
    <Frame type="frame_rect" >
      <Rect x="0" y="91" w="56" h="56">
      </Rect>
      <FrameLength>
        50
      </FrameLength>
    </Frame>
  </Animation>

</Sprite>
