<Sprite type="sprite_animated" >
  <ImageFilename>
    data/gfx/fish_02.png
  </ImageFilename>
  <ImageRect x="900" y="375" w="72" h="69">
  </ImageRect>
  <Z>
    101
  </Z>
  <Alpha>
    255
  </Alpha>
  <CurrentAnimation>
    swim_right
  </CurrentAnimation>
  <CurrentFrame>
    0
  </CurrentFrame>
  <MiniumUpdateTime>
    50
  </MiniumUpdateTime>
  <Play>
    1
  </Play>
  <TimeMultiply>
    1
  </TimeMultiply>
  <Animation name="swim_right" loop="1" >
    <Frame type="frame_rect" >
      <Rect x="0" y="138" w="72" h="46">
      </Rect>
      <FrameLength>
        50
      </FrameLength>
    </Frame>
    <Frame type="frame_rect" >
      <Rect x="72" y="138" w="72" h="46">
      </Rect>
      <FrameLength>
        50
      </FrameLength>
    </Frame>
    <Frame type="frame_rect" >
      <Rect x="144" y="138" w="72" h="46">
      </Rect>
      <FrameLength>
        50
      </FrameLength>
    </Frame>
    <Frame type="frame_rect" >
      <Rect x="72" y="138" w="72" h="46">
      </Rect>
      <FrameLength>
        50
      </FrameLength>
    </Frame>
    <Frame type="frame_rect" >
      <Rect x="0" y="138" w="72" h="46">
      </Rect>
      <FrameLength>
        350
      </FrameLength>
    </Frame>
  </Animation>
  <Animation name="swim_left" loop="1" >
    <Frame type="frame_rect" >
      <Rect x="360" y="138" w="72" h="46">
      </Rect>
      <FrameLength>
        50
      </FrameLength>
    </Frame>
    <Frame type="frame_rect" >
      <Rect x="288" y="138" w="72" h="46">
      </Rect>
      <FrameLength>
        50
      </FrameLength>
    </Frame>
    <Frame type="frame_rect" >
      <Rect x="216" y="138" w="72" h="46">
      </Rect>
      <FrameLength>
        50
      </FrameLength>
    </Frame>
    <Frame type="frame_rect" >
      <Rect x="288" y="138" w="72" h="46">
      </Rect>
      <FrameLength>
        50
      </FrameLength>
    </Frame>
    <Frame type="frame_rect" >
      <Rect x="360" y="138" w="72" h="46">
      </Rect>
      <FrameLength>
        350
      </FrameLength>
    </Frame>
  </Animation>


  <Animation name="panic_right" loop="1" >
    <Frame type="frame_rect" >
      <Rect x="0" y="138" w="72" h="46">
      </Rect>
      <FrameLength>
        50
      </FrameLength>
    </Frame>
    <Frame type="frame_rect" >
      <Rect x="72" y="138" w="72" h="46">
      </Rect>
      <FrameLength>
        50
      </FrameLength>
    </Frame>
    <Frame type="frame_rect" >
      <Rect x="144" y="138" w="72" h="46">
      </Rect>
      <FrameLength>
        50
      </FrameLength>
    </Frame>
    <Frame type="frame_rect" >
      <Rect x="72" y="138" w="72" h="46">
      </Rect>
      <FrameLength>
        50
      </FrameLength>
    </Frame>
  </Animation>
  <Animation name="panic_left" loop="1" >
    <Frame type="frame_rect" >
      <Rect x="360" y="138" w="72" h="46">
      </Rect>
      <FrameLength>
        50
      </FrameLength>
    </Frame>
    <Frame type="frame_rect" >
      <Rect x="288" y="138" w="72" h="46">
      </Rect>
      <FrameLength>
        50
      </FrameLength>
    </Frame>
    <Frame type="frame_rect" >
      <Rect x="216" y="138" w="72" h="46">
      </Rect>
      <FrameLength>
        50
      </FrameLength>
    </Frame>
    <Frame type="frame_rect" >
      <Rect x="288" y="138" w="72" h="46">
      </Rect>
      <FrameLength>
        50
      </FrameLength>
    </Frame>
  </Animation>

  <Animation name="death_right" loop="0" >
    <Frame type="frame_rect" >
      <Rect x="0" y="0" w="72" h="69">
      </Rect>
      <FrameLength>
        50
      </FrameLength>
    </Frame>
    <Frame type="frame_rect" >
      <Rect x="72" y="0" w="72" h="69">
      </Rect>
      <FrameLength>
        50
      </FrameLength>
    </Frame>
    <Frame type="frame_rect" >
      <Rect x="144" y="0" w="72" h="69">
      </Rect>
      <FrameLength>
        50
      </FrameLength>
    </Frame>
    <Frame type="frame_rect" >
      <Rect x="216" y="0" w="72" h="69">
      </Rect>
      <FrameLength>
        50
      </FrameLength>
    </Frame>
    <Frame type="frame_rect" >
      <Rect x="288" y="0" w="72" h="69">
      </Rect>
      <FrameLength>
        50
      </FrameLength>
    </Frame>
    <Frame type="frame_rect" >
      <Rect x="360" y="0" w="74" h="69">
      </Rect>
      <FrameLength>
        50
      </FrameLength>
    </Frame>
  </Animation>

  <Animation name="death_left" loop="0" >
    <Frame type="frame_rect" >
      <Rect x="360" y="69" w="72" h="69">
      </Rect>
      <FrameLength>
        50
      </FrameLength>
    </Frame>
    <Frame type="frame_rect" >
      <Rect x="288" y="69" w="72" h="69">
      </Rect>
      <FrameLength>
        50
      </FrameLength>
    </Frame>
    <Frame type="frame_rect" >
      <Rect x="216" y="69" w="72" h="69">
      </Rect>
      <FrameLength>
        50
      </FrameLength>
    </Frame>
    <Frame type="frame_rect" >
      <Rect x="144" y="69" w="72" h="69">
      </Rect>
      <FrameLength>
        50
      </FrameLength>
    </Frame>
    <Frame type="frame_rect" >
      <Rect x="72" y="69" w="72" h="69">
      </Rect>
      <FrameLength>
        50
      </FrameLength>
    </Frame>
    <Frame type="frame_rect" >
      <Rect x="0" y="69" w="72" h="69">
      </Rect>
      <FrameLength>
        50
      </FrameLength>
    </Frame>
  </Animation>
</Sprite>
