<Sprite type="sprite_animated" >
  <ImageFilename>
    data/gfx/pirate_ship.png
  </ImageFilename>
  <ImageRect x="0" y="0" w="175" h="133">
  </ImageRect>
  <Z>
    101
  </Z>
  <Alpha>
    255
  </Alpha>
  <CurrentAnimation>
    no_pour
  </CurrentAnimation>
  <CurrentFrame>
    0
  </CurrentFrame>
  <MiniumUpdateTime>
    50
  </MiniumUpdateTime>
  <Play>
    1
  </Play>
  <TimeMultiply>
    1
  </TimeMultiply>
  <Animation name="no_pour" loop="0" >
    <Frame type="frame_rect" >
      <Rect x="525" y="0" w="175" h="133">
      </Rect>
      <FrameLength>
        50
      </FrameLength>
    </Frame>
  </Animation>
  <Animation name="pour" loop="1" >
    <Frame type="frame_rect" >
      <Rect x="0" y="0" w="175" h="133">
      </Rect>
      <FrameLength>
        50
      </FrameLength>
    </Frame>
    <Frame type="frame_rect" >
      <Rect x="175" y="0" w="175" h="133">
      </Rect>
      <FrameLength>
        50
      </FrameLength>
    </Frame>
    <Frame type="frame_rect" >
      <Rect x="350" y="0" w="175" h="133">
      </Rect>
      <FrameLength>
        50
      </FrameLength>
    </Frame>
  </Animation>
</Sprite>
