<Sprite type="sprite_animated" >
  <ImageFilename>
    data/gfx/waves.jpg
  </ImageFilename>
  <ImageRect x="0" y="100" w="800" h="65">
  </ImageRect>
  <Z>
    130
  </Z>
  <Alpha>
    255
  </Alpha>
  <CurrentAnimation>
    default
  </CurrentAnimation>
  <CurrentFrame>
    0
  </CurrentFrame>
  <MiniumUpdateTime>
    250
  </MiniumUpdateTime>
  <Play>
    1
  </Play>
  <TimeMultiply>
    1
  </TimeMultiply>
  <Animation name="default" loop="1" >
    <Frame type="frame_rect" >
      <Rect x="0" y="65" w="800" h="65">
      </Rect>
      <FrameLength>
        250
      </FrameLength>
    </Frame>
    <Frame type="frame_rect" >
      <Rect x="0" y="130" w="800" h="65">
      </Rect>
      <FrameLength>
        250
      </FrameLength>
    </Frame>
    <Frame type="frame_rect" >
      <Rect x="0" y="195" w="800" h="65">
      </Rect>
      <FrameLength>
        250
      </FrameLength>
    </Frame>
    <Frame type="frame_rect" >
      <Rect x="0" y="130" w="800" h="65">
      </Rect>
      <FrameLength>
        250
      </FrameLength>
    </Frame>
  </Animation>
</Sprite>
