<FontData>
  <Texture>
    data/gfx/fonts/font_num.png
  </Texture>
  <LineHeight>
    40
  </LineHeight>
  <CharSpace>
    -4
  </CharSpace>
  <WordSpace>
    0
  </WordSpace>
  <Char id="43" rect_h="40" rect_w="32" rect_x="320" rect_y="0" >
  </Char>
  <Char id="45" rect_h="40" rect_w="32" rect_x="352" rect_y="0" >
  </Char>
  <Char id="48" rect_h="40" rect_w="32" rect_x="0" rect_y="0" >
  </Char>
  <Char id="49" rect_h="40" rect_w="32" rect_x="32" rect_y="0" >
  </Char>
  <Char id="50" rect_h="40" rect_w="32" rect_x="64" rect_y="0" >
  </Char>
  <Char id="51" rect_h="40" rect_w="32" rect_x="96" rect_y="0" >
  </Char>
  <Char id="52" rect_h="40" rect_w="32" rect_x="128" rect_y="0" >
  </Char>
  <Char id="53" rect_h="40" rect_w="32" rect_x="160" rect_y="0" >
  </Char>
  <Char id="54" rect_h="40" rect_w="32" rect_x="192" rect_y="0" >
  </Char>
  <Char id="55" rect_h="40" rect_w="32" rect_x="224" rect_y="0" >
  </Char>
  <Char id="56" rect_h="40" rect_w="32" rect_x="256" rect_y="0" >
  </Char>
  <Char id="57" rect_h="40" rect_w="32" rect_x="288" rect_y="0" >
  </Char>
</FontData>
