<Animations>

  <!--------------- Player animation ------------------>

  <Animation name="p_run_left" >
    <FrameLength>
      145
    </FrameLength>
    <Rect x="0" y="0" w="5" h="13" >
    </Rect>
    <Rect x="5" y="0" w="5" h="13" >
    </Rect>
    <Rect x="10" y="0" w="5" h="13" >
    </Rect>
    <Rect x="5" y="0" w="5" h="13" >
    </Rect>
  </Animation>

  <Animation name="p_run_right" >
    <FrameLength>
      145
    </FrameLength>
    <Rect x="0" y="13" w="5" h="13" >
    </Rect>
    <Rect x="5" y="13" w="5" h="13" >
    </Rect>
    <Rect x="10" y="13" w="5" h="13" >
    </Rect>
    <Rect x="5" y="13" w="5" h="13" >
    </Rect>
  </Animation>

  <Animation name="p_swim_left" >
    <FrameLength>
      145
    </FrameLength>
    <Rect x="0" y="0" w="5" h="13" >
    </Rect>
    <Rect x="5" y="0" w="5" h="13" >
    </Rect>
    <Rect x="10" y="0" w="5" h="13" >
    </Rect>
    <Rect x="5" y="0" w="5" h="13" >
    </Rect>
  </Animation>

  <Animation name="p_swim_right" >
    <FrameLength>
      145
    </FrameLength>
    <Rect x="0" y="13" w="5" h="13" >
    </Rect>
    <Rect x="5" y="13" w="5" h="13" >
    </Rect>
    <Rect x="10" y="13" w="5" h="13" >
    </Rect>
    <Rect x="5" y="13" w="5" h="13" >
    </Rect>
  </Animation>

  <Animation name="p_stand_left" >
    <FrameLength>
      145
    </FrameLength>
    <Rect x="0" y="0" w="5" h="13" >
    </Rect>
  </Animation>

  <Animation name="p_stand_right" >
    <FrameLength>
      145
    </FrameLength>
    <Rect x="0" y="13" w="5" h="13" >
    </Rect>
  </Animation>


  <Animation name="p_jump_left" >
    <FrameLength>
      145
    </FrameLength>
    <Rect x="0" y="0" w="5" h="13" >
    </Rect>
  </Animation>

  <Animation name="p_jump_right" >
    <FrameLength>
      145
    </FrameLength>
    <Rect x="0" y="13" w="5" h="13" >
    </Rect>
  </Animation>


  <Animation name="p_turn_left" >
    <FrameLength>
      145
    </FrameLength>
    <Rect x="0" y="0" w="5" h="13" >
    </Rect>
  </Animation>

  <Animation name="p_turn_right" >
    <FrameLength>
      145
    </FrameLength>
    <Rect x="0" y="13" w="5" h="13" >
    </Rect>
  </Animation>


  <!--------------- zombie animation ------------------>

  <Animation name="z_walk_right" >
    <FrameLength>
      200
    </FrameLength>
    <Rect x="0" y="0" w="7" h="12" >
    </Rect>
    <Rect x="7" y="0" w="7" h="12" >
    </Rect>
    <Rect x="14" y="0" w="7" h="12" >
    </Rect>
    <Rect x="7" y="0" w="7" h="12" >
    </Rect>
  </Animation>

  <Animation name="z_walk_left" >
    <FrameLength>
      200
    </FrameLength>
    <Rect x="0" y="12" w="7" h="12" >
    </Rect>
    <Rect x="7" y="12" w="7" h="12" >
    </Rect>
    <Rect x="14" y="12" w="7" h="12" >
    </Rect>
    <Rect x="7" y="12" w="7" h="12" >
    </Rect>
  </Animation>

 <Animation name="z_attack_right" >
    <FrameLength>
      200
    </FrameLength>
    <Rect x="0" y="24" w="7" h="12" >
    </Rect>
    <Rect x="7" y="24" w="7" h="12" >
    </Rect>
    <Rect x="14" y="24" w="7" h="12" >
    </Rect>
    <Rect x="7" y="24" w="7" h="12" >
    </Rect>
  </Animation>

  <Animation name="z_attack_left" >
    <FrameLength>
      200
    </FrameLength>
    <Rect x="0" y="36" w="7" h="12" >
    </Rect>
    <Rect x="7" y="36" w="7" h="12" >
    </Rect>
    <Rect x="14" y="36" w="7" h="12" >
    </Rect>
    <Rect x="7" y="36" w="7" h="12" >
    </Rect>
  </Animation>

  <!------------- da door animation ------------->

  <Animation name="door_closed" >
    <FrameLength>
      200
    </FrameLength>
    <Rect x="0" y="0" w="13" h="21" >
    </Rect>
  </Animation>

  <Animation name="door_open" >
    <FrameLength>
      200
    </FrameLength>
    <Rect x="14" y="0" w="23" h="21" >
    </Rect>
  </Animation>


  <!-------------------- intro -------------------->

  <Animation name="intro_helper_animation" >
    <FrameLength>
      200
    </FrameLength>
    <Rect x="14" y="0" w="130" h="27" >
    </Rect>
  </Animation>

  <Animation name="intro_speech" loop="1" >
    <FrameLength>
      1000
    </FrameLength>
    <Rect x="0" y="0" w="61" h="30" >
    </Rect>
    <Rect x="0" y="0" w="61" h="30" >
    </Rect>
    <Rect x="0" y="0" w="61" h="30" >
    </Rect>
    <Rect x="0" y="0" w="1" h="1" >
    </Rect>
    <Rect x="0" y="30" w="61" h="30" >
    </Rect>
    <Rect x="0" y="30" w="61" h="30" >
    </Rect>
    <Rect x="0" y="30" w="61" h="30" >
    </Rect>
    <Rect x="0" y="0" w="1" h="1" >
    </Rect>
    <Rect x="0" y="60" w="61" h="30" >
    </Rect>
    <Rect x="0" y="60" w="61" h="30" >
    </Rect>
    <Rect x="0" y="60" w="61" h="30" >
    </Rect>
    <Rect x="0" y="0" w="1" h="1" >
    </Rect>
  </Animation>

  <Animation name="intro_capture" loop="1" >
    <FrameLength>
      200
    </FrameLength>
    <Rect x="0" y="0" w="18" h="16" >
    </Rect>
    <Rect x="54" y="0" w="1" h="1" >
    </Rect>
    <Rect x="0" y="0" w="18" h="16" >
    </Rect>
    <Rect x="54" y="0" w="1" h="1" >
    </Rect>
    <Rect x="18" y="0" w="18" h="16" >
    </Rect>
    <Rect x="54" y="0" w="1" h="1" >
    </Rect>
    <Rect x="18" y="0" w="18" h="16" >
    </Rect>
    <Rect x="54" y="0" w="1" h="1" >
    </Rect>
    <Rect x="36" y="0" w="18" h="16" >
    </Rect>
    <Rect x="54" y="0" w="1" h="1" >
    </Rect>
    <Rect x="36" y="0" w="18" h="16" >
    </Rect>
    <Rect x="54" y="0" w="1" h="1" >
    </Rect>
    <Rect x="54" y="0" w="1" h="1" >
    </Rect>
    <Rect x="54" y="0" w="1" h="1" >
    </Rect>
    <Rect x="54" y="0" w="1" h="1" >
    </Rect>
  </Animation>

  <Animation name="level1_speech" loop="1" >
    <FrameLength>
      1000
    </FrameLength>
    <Rect x="0" y="0" w="1" h="1" >
    </Rect>
    <Rect x="0" y="0" w="61" h="30" >
    </Rect>
    <Rect x="0" y="0" w="61" h="30" >
    </Rect>
    <Rect x="0" y="0" w="61" h="30" >
    </Rect>
    <Rect x="0" y="0" w="1" h="1" >
    </Rect>
  </Animation>

  <!---------- outro ----------------->

  <Animation name="outro_speech" loop="0" >
    <FrameLength>
      750
    </FrameLength>
    <Rect x="0" y="0" w="96" h="30" >
    </Rect>
    <Rect x="0" y="0" w="96" h="30" >
    </Rect>
    <Rect x="0" y="0" w="96" h="30" >
    </Rect>
    <Rect x="0" y="0" w="1" h="1" >
    </Rect>
    <Rect x="0" y="30" w="96" h="30" >
    </Rect>
    <Rect x="0" y="30" w="96" h="30" >
    </Rect>
    <Rect x="0" y="30" w="96" h="30" >
    </Rect>
    <Rect x="0" y="60" w="96" h="30" >
    </Rect>
    <Rect x="0" y="60" w="96" h="30" >
    </Rect>
    <Rect x="0" y="60" w="96" h="30" >
    </Rect>
    <Rect x="0" y="0" w="1" h="1" >
    </Rect>
    <Rect x="0" y="90" w="96" h="30" >
    </Rect>
    <Rect x="0" y="90" w="96" h="30" >
    </Rect>
    <Rect x="0" y="90" w="96" h="30" >
    </Rect>
    <Rect x="0" y="0" w="1" h="1" >
    </Rect>
  </Animation>

  <Animation name="outro_hang" loop="1" >
    <FrameLength>
      1000
    </FrameLength>
    <Rect x="0" y="0" w="42" h="14" >
    </Rect>
  </Animation>

  <Animation name="outro_shoot" loop="0" >
    <FrameLength>
      200
    </FrameLength>
    <Rect x="0" y="0" w="42" h="14" >
    </Rect>
    <Rect x="0" y="14" w="42" h="14" >
    </Rect>
    <Rect x="0" y="14" w="42" h="14" >
    </Rect>
    <Rect x="0" y="14" w="42" h="14" >
    </Rect>
    <Rect x="0" y="28" w="42" h="14" >
    </Rect>
    <Rect x="0" y="42" w="42" h="14" >
    </Rect>
    <Rect x="0" y="42" w="42" h="14" >
    </Rect>
    <Rect x="0" y="42" w="42" h="14" >
    </Rect>
    <Rect x="0" y="42" w="42" h="14" >
    </Rect>
    <Rect x="0" y="42" w="42" h="14" >
    </Rect>
    <Rect x="0" y="56" w="42" h="14" >
    </Rect>
  </Animation>

  <!------------------- tutorial -------------------->

  <Animation name="tutorial_hidden" loop="0" >
    <FrameLength>
      200
    </FrameLength>
    <Rect x="0" y="0" w="1" h="1" >
    </Rect>
  </Animation>


  <Animation name="tutorial" loop="0" >
    <FrameLength>
      200
    </FrameLength>
    <Rect x="0" y="0" w="74" h="35" >
    </Rect>
  </Animation>

</Animations>
