<Sprite type="sprite_animated" >
  <ImageFilename>
    data/gfx/player1.png
  </ImageFilename>
  <ImageRect x="10" y="375" w="32" h="32">
  </ImageRect>
  <Z>
    101
  </Z>
  <Alpha>
    255
  </Alpha>
  <CurrentAnimation>
    stand_right
  </CurrentAnimation>
  <CurrentFrame>
    0
  </CurrentFrame>
  <MiniumUpdateTime>
    50
  </MiniumUpdateTime>
  <Play>
    1
  </Play>
  <TimeMultiply>
    1
  </TimeMultiply>
  <Animation name="stand_right" loop="0" >
    <Frame type="frame_rect" >
      <Rect x="64" y="0" w="32" h="32">
      </Rect>
      <FrameLength>
        50
      </FrameLength>
    </Frame>
  </Animation>
  <Animation name="jump_right" loop="0" >
    <Frame type="frame_rect" >
      <Rect x="0" y="0" w="32" h="32">
      </Rect>
      <FrameLength>
        50
      </FrameLength>
    </Frame>
  </Animation>
  <Animation name="run_right" loop="1" >
    <Frame type="frame_rect" >
      <Rect x="64" y="0" w="32" h="32">
      </Rect>
      <FrameLength>
        50
      </FrameLength>
    </Frame>
    <Frame type="frame_rect" >
      <Rect x="32" y="0" w="32" h="32">
      </Rect>
      <FrameLength>
        50
      </FrameLength>
    </Frame>
  </Animation>
  <Animation name="turn_right" loop="0" >
    <Frame type="frame_rect" >
      <Rect x="96" y="0" w="32" h="32">
      </Rect>
      <FrameLength>
        50
      </FrameLength>
    </Frame>
  </Animation>

  <Animation name="stand_left" loop="0" >
    <Frame type="frame_rect" >
      <Rect x="160" y="0" w="32" h="32">
      </Rect>
      <FrameLength>
        50
      </FrameLength>
    </Frame>
  </Animation>
  <Animation name="jump_left" loop="0" >
    <Frame type="frame_rect" >
      <Rect x="224" y="0" w="32" h="32">
      </Rect>
      <FrameLength>
        50
      </FrameLength>
    </Frame>
  </Animation>
  <Animation name="run_left" loop="1" >
    <Frame type="frame_rect" >
      <Rect x="160" y="0" w="32" h="32">
      </Rect>
      <FrameLength>
        50
      </FrameLength>
    </Frame>
    <Frame type="frame_rect" >
      <Rect x="192" y="0" w="32" h="32">
      </Rect>
      <FrameLength>
        50
      </FrameLength>
    </Frame>
  </Animation>
  <Animation name="turn_left" loop="0" >
    <Frame type="frame_rect" >
      <Rect x="128" y="0" w="32" h="32">
      </Rect>
      <FrameLength>
        50
      </FrameLength>
    </Frame>
  </Animation>

</Sprite>
