<Sprite type="sprite_animated" >
  <ImageFilename>
    data/gfx/twoplayerbutton.png
  </ImageFilename>
  <ImageRect x="0" y="0" w="350" h="67">
  </ImageRect>
  <Z>
    101
  </Z>
  <Alpha>
    255
  </Alpha>
  <CurrentAnimation>
    mouse_out
  </CurrentAnimation>
  <CurrentFrame>
    0
  </CurrentFrame>
  <MiniumUpdateTime>
    50
  </MiniumUpdateTime>
  <Play>
    1
  </Play>
  <TimeMultiply>
    1
  </TimeMultiply>
  <Animation name="mouse_out" loop="0" >
    <Frame type="frame_rect" >
      <Rect x="0" y="0" w="350" h="67">
      </Rect>
      <FrameLength>
        50
      </FrameLength>
    </Frame>
  </Animation>
  <Animation name="mouse_over" loop="0" >
    <Frame type="frame_rect" >
      <Rect x="0" y="67" w="350" h="67">
      </Rect>
      <FrameLength>
        50
      </FrameLength>
    </Frame>
  </Animation>

</Sprite>
