<Sprite type="sprite_animated" >
  <ImageFilename>
    data/gfx/ceiling_fan.png
  </ImageFilename>
  <ImageRect x="307" y="-14" w="186" h="96">
  </ImageRect>
  <Z>
    110
  </Z>
  <Alpha>
    256
  </Alpha>
  <CurrentAnimation>
    spin
  </CurrentAnimation>
  <CurrentFrame>
    0
  </CurrentFrame>
  <MiniumUpdateTime>
    350
  </MiniumUpdateTime>
  <Play>
    1
  </Play>
  <TimeMultiply>
    1
  </TimeMultiply>
  <Animation name="spin" loop="1" >
    <Frame type="frame_rect" >
      <Rect x="0" y="0" w="186" h="96">
      </Rect>
      <FrameLength>
        100
      </FrameLength>
    </Frame>
    <Frame type="frame_rect" >
      <Rect x="186" y="0" w="186" h="96">
      </Rect>
      <FrameLength>
        100
      </FrameLength>
    </Frame>
    <Frame type="frame_rect" >
      <Rect x="372" y="0" w="186" h="96">
      </Rect>
      <FrameLength>
        100
      </FrameLength>
    </Frame>
    <Frame type="frame_rect" >
      <Rect x="558" y="0" w="186" h="96">
      </Rect>
      <FrameLength>
        100
      </FrameLength>
    </Frame>
    <Frame type="frame_rect" >
      <Rect x="744" y="0" w="186" h="96">
      </Rect>
      <FrameLength>
        100
      </FrameLength>
    </Frame>
    <Frame type="frame_rect" >
      <Rect x="930" y="0" w="186" h="96">
      </Rect>
      <FrameLength>
        100
      </FrameLength>
    </Frame>

  </Animation>
</sprite>