<Sprite type="sprite_animated" >
  <ImageFilename>
    data/gfx/char_eyes_03.png
  </ImageFilename>
  <ImageRect x="0" y="385" w="136" h="70">
  </ImageRect>
  <Z>
    99
  </Z>
  <Alpha>
    256
  </Alpha>
  <CurrentAnimation>
    talk
  </CurrentAnimation>
  <CurrentFrame>
    0
  </CurrentFrame>
  <MiniumUpdateTime>
    350
  </MiniumUpdateTime>
  <Play>
    1
  </Play>
  <TimeMultiply>
    1
  </TimeMultiply>
  <Animation name="silent" loop="0" >
   <Frame type="frame_rect" >
      <Rect x="0" y="0" w="57" h="70">
      </Rect>
      <FrameLength>
        50
      </FrameLength>
    </Frame>
  </Animation>

  <Animation name="talk" loop="1" >
    <Frame type="frame_rect" >
      <Rect x="0" y="0" w="136" h="88">
      </Rect>
      <FrameLength>
        35
      </FrameLength>
    </Frame>
    <Frame type="frame_rect" >
      <Rect x="136" y="0" w="136" h="88">
      </Rect>
      <FrameLength>
        1500
      </FrameLength>
    </Frame>
    <Frame type="frame_rect" >
      <Rect x="272" y="0" w="136" h="88">
      </Rect>
      <FrameLength>
        35
      </FrameLength>
    </Frame>
    <Frame type="frame_rect" >
      <Rect x="408" y="0" w="136" h="88">
      </Rect>
      <FrameLength>
        35
      </FrameLength>
    </Frame>
    <Frame type="frame_rect" >
      <Rect x="272" y="0" w="136" h="88">
      </Rect>
      <FrameLength>
        35
      </FrameLength>
    </Frame>
    <Frame type="frame_rect" >
      <Rect x="136" y="0" w="136" h="88">
      </Rect>
      <FrameLength>
        35
      </FrameLength>
    </Frame>
    <Frame type="frame_rect" >
      <Rect x="0" y="0" w="136" h="88">
      </Rect>
      <FrameLength>
        35
      </FrameLength>
    </Frame>
    <Frame type="frame_rect" >
      <Rect x="136" y="0" w="136" h="88">
      </Rect>
      <FrameLength>
        100
      </FrameLength>
    </Frame>
    <Frame type="frame_rect" >
      <Rect x="272" y="0" w="136" h="88">
      </Rect>
      <FrameLength>
        35
      </FrameLength>
    </Frame>
    <Frame type="frame_rect" >
      <Rect x="408" y="0" w="136" h="88">
      </Rect>
      <FrameLength>
        35
      </FrameLength>
    </Frame>
    <Frame type="frame_rect" >
      <Rect x="272" y="0" w="136" h="88">
      </Rect>
      <FrameLength>
        35
      </FrameLength>
    </Frame>
    <Frame type="frame_rect" >
      <Rect x="136" y="0" w="136" h="88">
      </Rect>
      <FrameLength>
        35
      </FrameLength>
    </Frame>
  </Animation>
</sprite>