<Sprite type="sprite_animated" >
  <ImageFilename>
    data/gfx/char_eyes_01.png
  </ImageFilename>
  <ImageRect x="40" y="352" w="57" h="70">
  </ImageRect>
  <Z>
    99
  </Z>
  <Alpha>
    256
  </Alpha>
  <CurrentAnimation>
    talk
  </CurrentAnimation>
  <CurrentFrame>
    0
  </CurrentFrame>
  <MiniumUpdateTime>
    350
  </MiniumUpdateTime>
  <Play>
    1
  </Play>
  <TimeMultiply>
    1
  </TimeMultiply>
  <Animation name="silent" loop="0" >
   <Frame type="frame_rect" >
      <Rect x="0" y="0" w="57" h="70">
      </Rect>
      <FrameLength>
        50
      </FrameLength>
    </Frame>
  </Animation>

  <Animation name="talk" loop="1" >
   <Frame type="frame_rect" >
      <Rect x="0" y="0" w="57" h="70">
      </Rect>
      <FrameLength>
        50
      </FrameLength>
    </Frame>
    <Frame type="frame_rect" >
      <Rect x="57" y="0" w="57" h="70">
      </Rect>
      <FrameLength>
        2000
      </FrameLength>
    </Frame>
    <Frame type="frame_rect" >
      <Rect x="114" y="0" w="57" h="70">
      </Rect>
      <FrameLength>
        35
      </FrameLength>
    </Frame>
    <Frame type="frame_rect" >
      <Rect x="171" y="0" w="57" h="70">
      </Rect>
      <FrameLength>
        35
      </FrameLength>
    </Frame>
    <Frame type="frame_rect" >
      <Rect x="114" y="0" w="57" h="70">
      </Rect>
      <FrameLength>
        35
      </FrameLength>
    </Frame>
    <Frame type="frame_rect" >
      <Rect x="57" y="0" w="57" h="70">
      </Rect>
      <FrameLength>
        35
      </FrameLength>
    </Frame>
    <Frame type="frame_rect" >
      <Rect x="0" y="0" w="57" h="70">
      </Rect>
      <FrameLength>
        35
      </FrameLength>
    </Frame>
    <Frame type="frame_rect" >
      <Rect x="57" y="0" w="57" h="70">
      </Rect>
      <FrameLength>
        500
      </FrameLength>
    </Frame>
    <Frame type="frame_rect" >
      <Rect x="114" y="0" w="57" h="70">
      </Rect>
      <FrameLength>
        35
      </FrameLength>
    </Frame>
    <Frame type="frame_rect" >
      <Rect x="171" y="0" w="57" h="70">
      </Rect>
      <FrameLength>
        35
      </FrameLength>
    </Frame>
    <Frame type="frame_rect" >
      <Rect x="114" y="0" w="57" h="70">
      </Rect>
      <FrameLength>
        35
      </FrameLength>
    </Frame>
    <Frame type="frame_rect" >
      <Rect x="57" y="0" w="57" h="70">
      </Rect>
      <FrameLength>
        35
      </FrameLength>
    </Frame>
    <Frame type="frame_rect" >
      <Rect x="0" y="0" w="57" h="70">
      </Rect>
      <FrameLength>
        35
      </FrameLength>
    </Frame>
    <Frame type="frame_rect" >
      <Rect x="57" y="0" w="57" h="70">
      </Rect>
      <FrameLength>
        2500
      </FrameLength>
    </Frame>
    <Frame type="frame_rect" >
      <Rect x="114" y="0" w="57" h="70">
      </Rect>
      <FrameLength>
        35
      </FrameLength>
    </Frame>
    <Frame type="frame_rect" >
      <Rect x="171" y="0" w="57" h="70">
      </Rect>
      <FrameLength>
        35
      </FrameLength>
    </Frame>
    <Frame type="frame_rect" >
      <Rect x="114" y="0" w="57" h="70">
      </Rect>
      <FrameLength>
        35
      </FrameLength>
    </Frame>
    <Frame type="frame_rect" >
      <Rect x="57" y="0" w="57" h="70">
      </Rect>
      <FrameLength>
        35
      </FrameLength>
    </Frame>
  </Animation>
</sprite>