<Sprite type="sprite_animated" >
  <ImageFilename>
    data/gfx/char_eyes_02.png
  </ImageFilename>
  <ImageRect x="10" y="376" w="91" h="49">
  </ImageRect>
  <Z>
    103
  </Z>
  <Alpha>
    256
  </Alpha>
  <CurrentAnimation>
    talk
  </CurrentAnimation>
  <CurrentFrame>
    0
  </CurrentFrame>
  <MiniumUpdateTime>
    150
  </MiniumUpdateTime>
  <Play>
    1
  </Play>
  <TimeMultiply>
    1
  </TimeMultiply>
  <Animation name="silent" loop="0" >
   <Frame type="frame_rect" >
      <Rect x="0" y="0" w="57" h="70">
      </Rect>
      <FrameLength>
        50
      </FrameLength>
    </Frame>
  </Animation>

  <Animation name="talk" loop="1" >
    <Frame type="frame_rect" >
      <Rect x="0" y="0" w="91" h="67">
      </Rect>
      <FrameLength>
        35
      </FrameLength>
    </Frame>
    <Frame type="frame_rect" >
      <Rect x="91" y="0" w="91" h="67">
      </Rect>
      <FrameLength>
        1500
      </FrameLength>
    </Frame>
    <Frame type="frame_rect" >
      <Rect x="182" y="0" w="91" h="67">
      </Rect>
      <FrameLength>
        35
      </FrameLength>
    </Frame>
    <Frame type="frame_rect" >
      <Rect x="273" y="0" w="91" h="67">
      </Rect>
      <FrameLength>
        35
      </FrameLength>
    </Frame>
    <Frame type="frame_rect" >
      <Rect x="182" y="0" w="91" h="67">
      </Rect>
      <FrameLength>
        35
      </FrameLength>
    </Frame>
    <Frame type="frame_rect" >
      <Rect x="91" y="0" w="91" h="67">
      </Rect>
      <FrameLength>
        35
      </FrameLength>
    </Frame>

    <Frame type="frame_rect" >
      <Rect x="0" y="0" w="91" h="67">
      </Rect>
      <FrameLength>
        35
      </FrameLength>
    </Frame>
    <Frame type="frame_rect" >
      <Rect x="91" y="0" w="91" h="67">
      </Rect>
      <FrameLength>
       500
      </FrameLength>
    </Frame>
    <Frame type="frame_rect" >
      <Rect x="182" y="0" w="91" h="67">
      </Rect>
      <FrameLength>
        35
      </FrameLength>
    </Frame>
    <Frame type="frame_rect" >
      <Rect x="273" y="0" w="91" h="67">
      </Rect>
      <FrameLength>
        35
      </FrameLength>
    </Frame>
    <Frame type="frame_rect" >
      <Rect x="182" y="0" w="91" h="67">
      </Rect>
      <FrameLength>
        35
      </FrameLength>
    </Frame>
    <Frame type="frame_rect" >
      <Rect x="91" y="0" w="91" h="67">
      </Rect>
      <FrameLength>
        35
      </FrameLength>
    </Frame>

    <Frame type="frame_rect" >
      <Rect x="0" y="0" w="91" h="67">
      </Rect>
      <FrameLength>
        35
      </FrameLength>
    </Frame>
    <Frame type="frame_rect" >
      <Rect x="364" y="0" w="91" h="67">
      </Rect>
      <FrameLength>
        1000
      </FrameLength>
    </Frame>
    <Frame type="frame_rect" >
      <Rect x="455" y="0" w="91" h="67">
      </Rect>
      <FrameLength>
        35
      </FrameLength>
    </Frame>
    <Frame type="frame_rect" >
      <Rect x="364" y="0" w="91" h="67">
      </Rect>
      <FrameLength>
        35
      </FrameLength>
    </Frame>
    <Frame type="frame_rect" >
      <Rect x="455" y="0" w="91" h="67">
      </Rect>
      <FrameLength>
        35
      </FrameLength>
    </Frame>
    <Frame type="frame_rect" >
      <Rect x="364" y="0" w="91" h="67">
      </Rect>
      <FrameLength>
        35
      </FrameLength>
    </Frame>

  </Animation>
</sprite>