<Sprite type="sprite_animated" >
  <ImageFilename>
    data/gfx/help_animation.jpg
  </ImageFilename>
  <ImageRect x="509" y="166" w="255" h="108">
  </ImageRect>
  <Z>
    4
  </Z>
  <Alpha>
    256
  </Alpha>
  <CurrentAnimation>
    talk
  </CurrentAnimation>
  <CurrentFrame>
    0
  </CurrentFrame>
  <MiniumUpdateTime>
    350
  </MiniumUpdateTime>
  <Play>
    1
  </Play>
  <TimeMultiply>
    1
  </TimeMultiply>
  <Animation name="talk" loop="1" >
   <Frame type="frame_rect" >
      <Rect x="0" y="0" w="255" h="108">
      </Rect>
      <FrameLength>
        200
      </FrameLength>
    </Frame>
   <Frame type="frame_rect" >
      <Rect x="255" y="0" w="255" h="108">
      </Rect>
      <FrameLength>
        200
      </FrameLength>
    </Frame>
   <Frame type="frame_rect" >
      <Rect x="510" y="0" w="255" h="108">
      </Rect>
      <FrameLength>
        200
      </FrameLength>
    </Frame>
   <Frame type="frame_rect" >
      <Rect x="765" y="0" w="255" h="108">
      </Rect>
      <FrameLength>
        200
      </FrameLength>
    </Frame>
  </Animation>
</sprite>