<Sprite type="sprite_animated" >
  <ImageFilename>
    data/gfx/level_complete.jpg
  </ImageFilename>
  <ImageRect x="0" y="-595" w="800" h="600">
  </ImageRect>
  <Z>
    45
  </Z>
  <Alpha>
    256
  </Alpha>
  <CurrentAnimation>
    idle
  </CurrentAnimation>
  <CurrentFrame>
    0
  </CurrentFrame>
  <MiniumUpdateTime>
    250
  </MiniumUpdateTime>
  <Play>
    1
  </Play>
  <TimeMultiply>
    1
  </TimeMultiply>
  <Animation name="idle" loop="0" >
    <Frame type="frame_sound" sound_file="data/sfx/aani1.wav">
    </Frame>
  </Animation>
</Sprite>
