<Sprite type="sprite_animated" >
  <ImageFilename>
    data/gfx/soap_bubble_03.png
  </ImageFilename>
  <ImageRect x="0" y="0" w="37" h="37">
  </ImageRect>
  <Z>
    50
  </Z>
  <Alpha>
    256
  </Alpha>
  <CurrentAnimation>
    blow
  </CurrentAnimation>
  <CurrentFrame>
    0
  </CurrentFrame>
  <MiniumUpdateTime>
    250
  </MiniumUpdateTime>
  <Play>
    1
  </Play>
  <TimeMultiply>
    1
  </TimeMultiply>
  <Animation name="blow" loop="0" >
    <Frame type="frame_rect" >
      <Rect x="0" y="37" w="37" h="37">
      </Rect>
      <FrameLength>
        150
      </FrameLength>
    </Frame>
    <Frame type="frame_rect" >
      <Rect x="37" y="37" w="37" h="37">
      </Rect>
      <FrameLength>
        150
      </FrameLength>
    </Frame>
    <Frame type="frame_rect" >
      <Rect x="74" y="37" w="37" h="37">
      </Rect>
      <FrameLength>
        150
      </FrameLength>
    </Frame>
    <Frame type="frame_rect" >
      <Rect x="111" y="37" w="37" h="37">
      </Rect>
      <FrameLength>
        150
      </FrameLength>
    </Frame>
    <Frame type="frame_rect" >
      <Rect x="148" y="37" w="37" h="37">
      </Rect>
      <FrameLength>
        150
      </FrameLength>
    </Frame>
    <Frame type="frame_rect" >
      <Rect x="185" y="37" w="37" h="37">
      </Rect>
      <FrameLength>
        150
      </FrameLength>
    </Frame>
    <Frame type="frame_rect" >
      <Rect x="0" y="0" w="37" h="37">
      </Rect>
      <FrameLength>
        150
      </FrameLength>
    </Frame>
  </Animation>

  <Animation name="death" loop="0" >
    <Frame type="frame_rect" >
      <Rect x="0" y="0" w="37" h="37">
      </Rect>
      <FrameLength>
        35
      </FrameLength>
    </Frame>
    <Frame type="frame_rect" >
      <Rect x="37" y="0" w="37" h="37">
      </Rect>
      <FrameLength>
        35
      </FrameLength>
    </Frame>
    <Frame type="frame_rect" >
      <Rect x="74" y="0" w="37" h="37">
      </Rect>
      <FrameLength>
        35
      </FrameLength>
    </Frame>
    <Frame type="frame_rect" >
      <Rect x="111" y="0" w="37" h="37">
      </Rect>
      <FrameLength>
        35
      </FrameLength>
    </Frame>
    <Frame type="frame_rect" >
      <Rect x="148" y="0" w="37" h="37">
      </Rect>
      <FrameLength>
        35
      </FrameLength>
    </Frame>
    <Frame type="frame_rect" >
      <Rect x="185" y="0" w="37" h="37">
      </Rect>
      <FrameLength>
        35
      </FrameLength>
    </Frame>
    <Frame type="frame_rect" >
      <Rect x="222" y="0" w="37" h="37">
      </Rect>
      <FrameLength>
        35
      </FrameLength>
    </Frame>
  </Animation>

</Sprite>
