<PhysicsModel>
  <RigidBody angularVelocity="0" color="0" initId="0" inverseMass="0" inverseMomentOfInertia="0" material="0" orientation="0" shape="1" staticObject="1">
    <Radius x="133.333" y="3.33333">
    </Radius>
    <Position x="-66.6667" y="21.6667">
    </Position>
    <Velocity x="0" y="0">
    </Velocity>
  </RigidBody>
  <RigidBody angularVelocity="0" color="0" initId="1" inverseMass="0" inverseMomentOfInertia="0" material="0" orientation="0" shape="1" staticObject="1">
    <Radius x="133.333" y="3.33333">
    </Radius>
    <Position x="-66.6667" y="-48.3333">
    </Position>
    <Velocity x="0" y="0">
    </Velocity>
  </RigidBody>
  <RigidBody angularVelocity="0" color="0" initId="2" inverseMass="0" inverseMomentOfInertia="0" material="0" orientation="-0.2" shape="1" staticObject="1">
    <Radius x="3.33333" y="50">
    </Radius>
    <Position x="-65" y="0">
    </Position>
    <Velocity x="0" y="0">
    </Velocity>
  </RigidBody>
  <RigidBody angularVelocity="0" color="0" initId="3" inverseMass="0" inverseMomentOfInertia="0" material="0" orientation="0.2" shape="1" staticObject="1">
    <Radius x="3.33333" y="50">
    </Radius>
    <Position x="65" y="0">
    </Position>
    <Velocity x="0" y="0">
    </Velocity>
  </RigidBody>
  <RigidBody angularVelocity="0" color="0" initId="4" inverseMass="0" inverseMomentOfInertia="0" material="0" orientation="-0.25" shape="1" staticObject="1">
    <Radius x="1.66667" y="6.66667">
    </Radius>
    <Position x="-57" y="12.3333">
    </Position>
    <Velocity x="0" y="0">
    </Velocity>
  </RigidBody>
  <RigidBody angularVelocity="0" color="0" initId="5" inverseMass="0" inverseMomentOfInertia="0" material="0" orientation="0.25" shape="1" staticObject="1">
    <Radius x="1.66667" y="6.66667">
    </Radius>
    <Position x="57" y="12.3333">
    </Position>
    <Velocity x="0" y="0">
    </Velocity>
  </RigidBody>
  <RigidBody angularVelocity="0" color="0" initId="6" inverseMass="0.957064" inverseMomentOfInertia="0.850724" material="-2" orientation="0" shape="0" staticObject="4">
    <Radius x="1.5" y="1.5">
    </Radius>
    <Position x="-16.6667" y="-16.6667">
    </Position>
    <Velocity x="0" y="0">
    </Velocity>
  </RigidBody>
  <RigidBody angularVelocity="0" color="0" initId="7" inverseMass="0.957064" inverseMomentOfInertia="0.850724" material="-1" orientation="0" shape="0" staticObject="4">
    <Radius x="1.5" y="1.5">
    </Radius>
    <Position x="-16.6667" y="-16.6667">
    </Position>
    <Velocity x="0" y="0">
    </Velocity>
  </RigidBody>
  <RigidBody angularVelocity="0" color="0" initId="8" inverseMass="0.558449" inverseMomentOfInertia="0.0335069" material="0" orientation="0" shape="1" staticObject="0">
    <Radius x="5" y="5">
    </Radius>
    <Position x="0" y="-16.6667">
    </Position>
    <Velocity x="0" y="0">
    </Velocity>
  </RigidBody>
</PhysicsModel>