<Config>
  <BulletData _name="pistol_bullet" bullet_image="0" bullet_style="1" color1="0,0,0,255" color2="0,0,0,255" length="2" >
  </BulletData>

  <BulletData _name="laser_short" bullet_image="0" bullet_style="1" color1="0,255,0,255" color2="0,255,0,128" length="2" >
  </BulletData>

  <BulletData _name="banana" bullet_image="0" bullet_style="1" color1="240,220,40,255" color2="240,220,40,255" length="3" >
  </BulletData>

  <BulletData _name="ray_blue" bullet_image="0" bullet_style="1" color1="255,255,255,255" color2="71,174,255,255" length="5" >
  </BulletData>

  <BulletData _name="death_ray" bullet_image="0" bullet_style="1" color1="255,255,255,255" color2="255,255,255,128" length="25" >
  </BulletData>

  <BulletData _name="heavy_laser" travel_length="50" bullet_image="0" bullet_style="1" color1="255,0,0,255" color2="255,0,0,255" length="8" >
  </BulletData>

  <BulletData _name="green_blob_small" bullet_image="4" bullet_style="2" color1="0,255,0,255" color2="0,255,0,255" length="1" >
  </BulletData>

  <BulletData _name="green_blob" bullet_image="1" bullet_style="2" color1="0,255,0,255" color2="0,255,0,255" length="1" >
  </BulletData>

  <BulletData _name="black_blob" bullet_image="1" bullet_style="2" color1="20,20,20,255" color2="20,20,20,255" length="1" >
  </BulletData>

  <BulletData _name="laser_white" bullet_image="0" bullet_style="1" color1="255,255,255,255" color2="255,255,255,0" length="3" >
  </BulletData>

  <BulletData _name="laser_black" bullet_image="0" bullet_style="1" color1="0,0,0,255" color2="0,0,0,0" length="3" >
  </BulletData>

  <BulletData _name="laser_blue" bullet_image="0" bullet_style="1" color1="72,174,255,255" color2="72,174,255,0" length="3" >
  </BulletData>

  <BulletData _name="laser_bright_blue" bullet_image="0" bullet_style="1" color1="0,0,255,255" color2="0,0,255,0" length="4" >
  </BulletData>
  
  <BulletData _name="laser_red" bullet_image="0" bullet_style="1" color1="255,0,0,255" color2="255,0,0,0" length="3" >
  </BulletData>
  
  <BulletData _name="laser_green" bullet_image="0" bullet_style="1" color1="0,255,0,255" color2="0,255,0,0" length="3" >
  </BulletData>
  
  <BulletData _name="laser_blaster" bullet_image="0" bullet_style="1" color1="255,0,0,255" color2="255,0,0,255" length="3" >
  </BulletData>

  <BulletData _name="laser_minigun" travel_length="35" bullet_image="0" bullet_style="1" color1="255,0,0,255" color2="255,0,0,0" length="3" >
  </BulletData>


  <BulletData _name="dead_skull" collide_with_walls="0" travel_length="75" bullet_image="5" bullet_style="2" color1="255,255,255,255" color2="255,255,255,255" length="1" >
  </BulletData>
  
</Config>
