<Config>

  <!--
	
	These are different tables that define changes of items appearing as drops
	The names are refences to items.xml
	
  -->

  <!-- items that level 1 monsters drop -->
  <ItemDropTable name="level1_drops" >
    <Set change="0.45" value="crappy_pistol" />
    
    <Set change="0.45" value="crappy_armor" />
    <Set change="0.10" value="pants_armor" />
    
    <Set change="0.5" value="medikit" />
    <Set change="1" value="gold_25" />
    <Set change="0.1" value="gold_100" />

    <Set change="0.6" value="leather_armor" />
    <Set change="0.1" value="light_security_armor" />
    
    <Set change="1.0" value="laser_pistol" />

    <Set change="0.05" value="laser_shotgun" />
    <Set change="0.02" value="boomstick" />
    <Set change="0.25" value="banana_pistol" />
    <Set change="0.40" value="ray_gun" />
    <Set change="0.05" value="blaster_rifle" />
    <Set change="0.20" value="crappy_submachine_gun" />
    <Set change="0.15" value="laser_submachine_gun" />

    <Set change="0.02" value="laser_revolver" />

    <Set change="0.1" value="medium_security_armor" />
    <Set change="0.1" value="light_combat_armor" />
    <Set change="0.05" value="energy_armor" />
    
    <!-- rare armors -->
    <Set change="0.002" value="tin_foil_space_suit" />
    <Set change="0.002" value="power_glove" />
    <Set change="0.0015" value="duct_tape_robocop_suit" />
    <Set change="0.0005" value="silver_paint_armor" />
    <Set change="0.0015" value="light_combat_armor" />
    <Set change="0.0015" value="golden_metal_bikini_armor" />
    
    <Set change="0.07" value="heavy_combat_armor" />
    <Set change="0.01" value="flying_suit" />
    <Set change="0.01" value="exoskeleton" />
    
    <Set change="0.1" value="heavy_laser" />
    <Set change="0.01" value="blessed_laser" />
    <Set change="0.001" value="death_ray" />
    <Set change="0.03" value="laser_minigun" />
    
    
  </ItemDropTable>
  
  <!-- items that level 3 monsters drops -->
  <ItemDropTable name="level3_drops" >
    
    <Set change="0.10" value="pants_armor" />
    
    <Set change="1" value="medikit" />
    <Set change="0.5" value="gold_25" />
    <Set change="0.1" value="gold_100" />

    <Set change="0.1" value="leather_armor" />
    <Set change="0.1" value="light_security_armor" />
    
    <Set change="0.2" value="laser_pistol" />

    <Set change="0.15" value="laser_shotgun" />
    <Set change="0.12" value="boomstick" />
    <Set change="0.35" value="banana_pistol" />
    <Set change="0.50" value="ray_gun" />
    <Set change="0.15" value="blaster_rifle" />
    <Set change="0.30" value="crappy_submachine_gun" />
    <Set change="0.45" value="laser_submachine_gun" />

    <Set change="0.02" value="laser_revolver" />

    <Set change="0.2" value="medium_security_armor" />
    <Set change="0.2" value="light_combat_armor" />
    <Set change="0.15" value="energy_armor" />
    
    <!-- rare armors -->
    <Set change="0.002" value="tin_foil_space_suit" />
    <Set change="0.002" value="power_glove" />
    <Set change="0.0015" value="duct_tape_robocop_suit" />
    <Set change="0.0005" value="silver_paint_armor" />
    <Set change="0.0015" value="light_combat_armor" />
    <Set change="0.0015" value="golden_metal_bikini_armor" />
    
    <Set change="0.15" value="heavy_combat_armor" />
    <Set change="0.05" value="flying_suit" />
    <Set change="0.05" value="exoskeleton" />
    
    <Set change="0.10" value="battle_armor" />
    <Set change="0.05" value="power_suit" />
 
    <Set change="0.1" value="heavy_laser" />
    <Set change="0.01" value="blessed_laser" />
    <Set change="0.001" value="death_ray" />
    <Set change="0.03" value="laser_minigun" />
  </ItemDropTable>

  <!-- items that level 4 monsters drops -->
  <ItemDropTable name="level4_drops" >
    
    <Set change="0.10" value="pants_armor" />
    
    <Set change="1" value="medikit" />
    
    <Set change="0.1" value="laser_pistol" />

    <Set change="0.15" value="laser_shotgun" />
    <Set change="0.12" value="boomstick" />
    <Set change="0.05" value="banana_pistol" />
    <Set change="0.05" value="ray_gun" />
    <Set change="0.05" value="blaster_rifle" />
    <Set change="0.15" value="crappy_submachine_gun" />
    <Set change="0.15" value="laser_submachine_gun" />

    <Set change="0.02" value="laser_revolver" />

    <Set change="0.2" value="medium_security_armor" />
    <Set change="0.2" value="light_combat_armor" />
    <Set change="0.15" value="energy_armor" />
    
    <!-- rare armors -->
    <Set change="0.002" value="tin_foil_space_suit" />
    <Set change="0.002" value="power_glove" />
    <Set change="0.0015" value="duct_tape_robocop_suit" />
    <Set change="0.0005" value="silver_paint_armor" />
    <Set change="0.0015" value="light_combat_armor" />
    <Set change="0.0015" value="golden_metal_bikini_armor" />
    
    <Set change="0.2" value="heavy_combat_armor" />
    <Set change="0.1" value="flying_suit" />
    <Set change="0.1" value="exoskeleton" />
    
    <Set change="0.10" value="battle_armor" />
    <Set change="0.05" value="power_suit" />
 
    <Set change="0.1" value="heavy_laser" />
    <Set change="0.01" value="blessed_laser" />
    <Set change="0.03" value="laser_minigun" />
  </ItemDropTable>
  
  
 <!-- items that are found lying on the dungeon floor -->
 <ItemDropTable name="level1_stuff" >
    <Set change="0.5" value="crappy_pistol" />
    <Set change="70" value="medikit" />
    <Set change="20" value="gold_25" />
    <Set change="1" value="gold_100" />
    <Set change="1" value="laser_pistol" />
    <Set change="0.1" value="heavy_laser" />
    <Set change="0.01" value="blessed_laser" />
  </ItemDropTable>



  <ItemDropTable name="level4_drops" >
    <Set change="1" value="gold_25" />
    <Set change="0.1" value="gold_100" />
  </ItemDropTable>

  <ItemDropTable name="hats" >
    
    <!-- super rare -->
    <Set change="0.005" value="hat_of_ankh" />		
    <Set change="0.01" value="hat_of_regeneration" />	
    <!-- rare -->
    <Set change="0.06" value="hat_bavarian" />	
    <Set change="0.03" value="hat_cowboy" />		
    <Set change="0.02" value="hat_military_helmet" />	
    <Set change="0.01" value="hat_propeller" />	
    <Set change="0.01" value="hat_santaclaus" />	
    <Set change="0.1" value="hat_knittedredyellow" />  
    <Set change="0.05" value="hat_beret" />
    <Set change="0.05" value="hat_chef" />

    <Set change="0.3" value="hat_emily" />


    <Set change="0.3" value="hat_miner_helmet" />
    <Set change="0.3" value="hat_pimp" />
    <Set change="0.3" value="hat_sherlock" />
    <Set change="0.2" value="hat_tophat" />
    <Set change="0.2" value="hat_train" />
    <Set change="0.1" value="hat_truckercap" />
    <Set change="0.3" value="hat_vanilla_ice" />

    <Set change="0.3" value="hat_knittedblue" />
    <Set change="0.3" value="hat_knittedcap" />
    <Set change="0.3" value="hat_knittedgreen" />
    <Set change="0.3" value="hat_knittedgrey" />
  </ItemDropTable>

    
  <ItemDropTable name="mostly_cash" >
    <Set change="1" value="gold_25" />
    <Set change="0.1" value="gold_100" />
  </ItemDropTable>


  <ItemDropTable name="santa_claus_drops" >
    <Set change="1" value="gold_25" />
    <Set change="0.1" value="gold_100" />
  </ItemDropTable>

  <ItemDropTable name="robo_santa_drops" >
    <Set change="1" value="gold_25" />
    <Set change="0.1" value="gold_100" />
  </ItemDropTable>



</Config>
