<Config>
<!-- enum EQUIP_POSITIONS
{
	equip_weapon = 1,
	equip_body_armor = 2,
	equip_hat = 3,
	equip_consume = 4,		// can't be equiped
	equip_loot = 5,			// can't be equiped	
	equip_gold = 6			// can't be equiped
};
-->

<!-- GENERAL BONUSES ITEMS CAN HAVE:

	armor="1"
	attack_bonus="10"
	dodge_bonus="10"
	hp_bonus="10"
	speed_bonus="10"
	
	[special abilities]
	ability_auto_reg="1" (bool)
	ability_auto_reg_wait_time=5
	ability_auto_reg_time_till_full_health=5
	ability_raise_dead="1" 		(bool)	// if you do this, remember to put consule_full_health as well :)
	
	-- hats can modify --
	weapon_damage=""
	weapon_fire_rate
	weapon_bullet_rand_angle
	weapon_recoil
	weapon_camera_shake_force
	weapon_camera_shake_time
	armor="1"
	attack_bonus="10"
	dodge_bonus="10"
	hp_bonus="10"
	
	----- needs to implemented ----
	critical_change="0"
	special_change="0"
	ability_bonus_str="1"
	ability_bonus_per="1"
	ability_bonus_end="1"
	ability_bonus_agl="1"
	ability_bonus_lck="1"
	item_drop_bonus="0"
	
    * Strength
    * Perception
    * Endurance
    * Agility
    * Luck 
 
    [weapon related]
	weapon_bullet_type="1"		
	weapon_bullet_velocity="64"	
	weapon_damage="d6"	
	weapon_repeat_fire
	weapon_fire_rate
	weapon_bullets_fired_on_shot
	weapon_bullet_rand_angle
	weapon_recoil
	weapon_camera_shake_force
	weapon_camera_shake_time
	weapon_sfx_file
 
    [consume related]
	consume_hp_bonus="10"
	consume_gold_min="10"
	consume_gold_max="20"
	consume_full_health="0" (bool)

    [special abilities]
	ability_auto_reg="1" (bool)
	ability_auto_reg_wait_time=5
	ability_auto_reg_time_till_full_health=5
	ability_raise_dead="1" 		(bool)	// if you do this, remember to put consule_full_health as well :)
	
-->


  
<!-- +++++++++++++++++++++++++++++++++++++++++++++++++++++++++++++++++++++++++++++ -->
  <!-- WEAPONS -->

  <!-- defining some base classes -->
  <ItemData _name="_weapon_pistol_base" 

	weapon_bullet_type="laser_red"		
	weapon_bullet_velocity="64"	
	weapon_damage="d4"	
	weapon_repeat_fire="0"
	weapon_fire_rate="0.3"
	weapon_bullets_fired_on_shot="1"
	weapon_bullet_rand_angle="0"
	weapon_recoil="0"
	weapon_camera_shake_force="0"
	weapon_camera_shake_time="0"
	weapon_sfx_file="data/sfx/shoot_pistol_1.wav"
  />

  <ItemData _name="_weapon_automatic_base" 

	weapon_bullet_type="laser_red"		
	weapon_bullet_velocity="64"	
	weapon_damage="d3"	
	weapon_repeat_fire="1"
	weapon_fire_rate="0.3"
	weapon_bullets_fired_on_shot="1"
	weapon_bullet_rand_angle="0.05"
	weapon_recoil="0.1"
	weapon_camera_shake_force="0"
	weapon_camera_shake_time="0"
	weapon_sfx_file="data/sfx/shoot_automatic.wav"
  />

  <ItemData _name="_weapon_shotgun_base" 

	weapon_bullet_type="laser_red"		
	weapon_bullet_velocity="48"	
	weapon_damage="d4"	
	weapon_repeat_fire="0"
	weapon_fire_rate="1.0"
	weapon_bullets_fired_on_shot="5"
	weapon_bullet_rand_angle="0.2"
	weapon_recoil="0"
	weapon_camera_shake_force="0.2"
	weapon_camera_shake_time="0.15"
	weapon_sfx_file="data/sfx/shoot_shotgun.wav"
  />

<!-- +++ SHOTGUNS AND LIKE +++ -->

  <ItemData
	_name="laser_shotgun" 
	_parent="_weapon_shotgun_base" 	
	image_filename="data/gfx/item_weapon_shotgun.png" 
	equip_type="1"
        weapon_bullet_type="laser_blue"
	weapon_bullet_velocity="48"
	weapon_damage="d4" 
	weapon_sfx_file="data/sfx/shoot_shotgun_2.wav" />

  <ItemData
	_name="boomstick" 
	_parent="_weapon_shotgun_base" 	
	image_filename="data/gfx/item_weapon_shotgun.png" 
	equip_type="1"
	weapon_fire_rate=".5"
        weapon_bullet_type="pistol_bullet"
	weapon_bullet_velocity="48"
	weapon_damage="d5" 
	weapon_sfx_file="data/sfx/shoot_shotgun_1.wav" />

<!-- +++ PISTOLS / REVOLVERS +++ -->
  <!-- some pistols and revolvers -->
  <ItemData
	_name="crappy_pistol" 
	_parent="_weapon_pistol_base" 	
	image_filename="data/gfx/item_weapon_pistol.png" 
	equip_type="1"
        weapon_bullet_type="pistol_bullet"
	weapon_bullet_velocity="48"
	weapon_damage="d4"
        weapon_fire_rate="0.3" 
	weapon_sfx_file="data/sfx/shoot_pistol_3.wav" />

  <ItemData 	
	_name="laser_pistol" 
	_parent="_weapon_pistol_base" 	
	image_filename="data/gfx/item_weapon_pistol.png" 
	equip_type="1" 	
        weapon_bullet_type="laser_short"
	weapon_bullet_velocity="96"
	weapon_damage="d6"
        weapon_fire_rate="0.4"
	weapon_sfx_file="data/sfx/shoot_pistol_1.wav" />

  <ItemData 	
	_name="banana_pistol" 
	_parent="laser_pistol" 	
	image_filename="data/gfx/item_weapon_pistol.png" 
	equip_type="1" 	
        weapon_bullet_type="banana"
	weapon_damage="d8"
	attack_bonus="0"
        weapon_fire_rate="0.35" 
	weapon_sfx_file="data/sfx/shoot_pistol_2.wav" />

  <ItemData 	
	_name="ray_gun" 
	_parent="laser_pistol" 	
	image_filename="data/gfx/item_weapon_pistol.png" 
	equip_type="1" 	
        weapon_bullet_type="ray_blue"
	weapon_damage="d6"
	attack_bonus="5"
        weapon_fire_rate="0.35" 
	weapon_sfx_file="data/sfx/shoot_raygun.wav"  />

  <ItemData 	
	_name="blaster_rifle" 
	_parent="laser_pistol" 	
	image_filename="data/gfx/item_weapon_pistol.png" 
	equip_type="1" 	
        weapon_bullet_type="laser_blaster"
	weapon_damage="d6+d4"
	attack_bonus="-10"
	weapon_bullet_rand_angle="1"
        weapon_fire_rate="0.4"
	weapon_sfx_file="data/sfx/shoot_pistol_2.wav" />

  <ItemData 	
	_name="death_ray" 
	_parent="laser_pistol" 	
	image_filename="data/gfx/item_weapon_pistol.png" 
	equip_type="1" 	
	weapon_damage="d6+d4+d6+d4+d10"
	attack_bonus="-10"
	dodge_bonus="-35"
	speed_bonus="-3"
	weapon_bullet_rand_angle="0"
	weapon_bullets_fired_on_shot="1"
	weapon_recoil="3"
        weapon_bullet_type="death_ray"
	weapon_camera_shake_force="1"
	weapon_camera_shake_time="0.75"
        weapon_fire_rate="3" 
	weapon_sfx_file="data/sfx/shoot_heavy_laser.wav" />

  <ItemData 	
	_name="laser_revolver" 
	_parent="_weapon_pistol_base" 	
	image_filename="data/gfx/item_weapon_pistol.png" 
	equip_type="1" 	
        weapon_bullet_type="laser_bright_blue"
	weapon_bullet_velocity="96"
	weapon_damage="d6+d3"
        weapon_fire_rate="0.01"
	weapon_camera_shake_force="0.15"
	weapon_camera_shake_time="0.3" 
	weapon_sfx_file="data/sfx/shoot_pistol_1.wav" />

  
  <ItemData 	
	_name="blessed_laser" 
	_parent="_weapon_pistol_base" 	
	image_filename="data/gfx/item_weapon_pistol.png" 
	equip_type="1" 	
        weapon_bullet_type="laser_red"
	weapon_bullet_velocity="96"
	weapon_damage="d6+d4" 
	attack_bonus="10" 
	weapon_sfx_file="data/sfx/shoot_pistol_1.wav" />

  <ItemData 	
	_name="heavy_laser" 
	_parent="_weapon_pistol_base" 	
	image_filename="data/gfx/item_weapon_pistol.png" 
	equip_type="1" 	
        weapon_bullet_type="heavy_laser"
	weapon_bullet_velocity="48"
	weapon_damage="d6+d6" 
	dodge_bonus="-8" 
	weapon_camera_shake_force="0.10"
	weapon_camera_shake_time="0.2" 
	weapon_sfx_file="data/sfx/shoot_heavy_laser.wav" />



<!-- +++ AUTOMATIC GUNS & WEAPONS +++ -->
  
  <ItemData
	_name="crappy_submachine_gun" 
	_parent="_weapon_automatic_base" 	
	image_filename="data/gfx/item_weapon_automatic.png" 
	equip_type="1"
        weapon_bullet_type="pistol_bullet"
	weapon_bullet_velocity="64"
	weapon_damage="d3"
        weapon_fire_rate="0.3"
	weapon_recoil="0.05"
	weapon_sfx_file="data/sfx/shoot_laser_1.wav" />

  <ItemData
	_name="laser_submachine_gun" 
	_parent="_weapon_automatic_base" 	
	image_filename="data/gfx/item_weapon_automatic.png" 
	equip_type="1"
        weapon_bullet_type="laser_green"
	weapon_bullet_velocity="64"
	weapon_damage="d2"
        weapon_fire_rate="0.15"
	weapon_bullet_rand_angle="0.075"
	weapon_recoil="0.1" 
	weapon_camera_shake_force="0.05"
	weapon_camera_shake_time="0.1" 
	weapon_sfx_file="data/sfx/shoot_laser_2.wav" />

  <ItemData
	_name="laser_minigun" 
	_parent="_weapon_automatic_base" 	
	image_filename="data/gfx/item_weapon_automatic.png" 
	equip_type="1"
        weapon_bullet_type="laser_minigun"
	weapon_bullet_velocity="96"
	weapon_damage="d4"
        weapon_fire_rate="0.05"
	weapon_bullet_rand_angle="0.2"
	weapon_recoil="1.0" 
	weapon_camera_shake_force="0.2"
	weapon_camera_shake_time="0.1" 
	weapon_sfx_file="data/sfx/shoot_laser_3.wav" />


  
<!-- +++++++++++++++++++++++++++++++++++++++++++++++++++++++++++++++++++++++++++++ -->
  <!-- HATS ARE AWESOME-->
  <ItemData _name="hat_of_ankh"
	desc_name="Hat of Ankh"
	image_filename="data/gfx/item_hat_ankh.png" 
	equip_type="3" 	
	ability_raise_dead="1" 		
	consume_full_health="1" 			  
	/>

  <ItemData _name="hat_of_regeneration"
	desc_name="Crown of Kings"
	image_filename="data/gfx/item_hat_crown.png" 
	equip_type="3" 	
	ability_auto_reg="1"
	ability_auto_reg_wait_time="5"
	ability_auto_reg_time_till_full_health="5"
  />
  
  <ItemData _name="hat_bavarian"
	desc_name="Bavarian hat of awesomeness"
	image_filename="data/gfx/item_hat_bavarian.png" 
	equip_type="3"
	attack_bonus="20"
	critical_change="3" 	
  />


  <ItemData _name="hat_beret"
	desc_name="Beret of luck"
	image_filename="data/gfx/item_hat_beret.png" 
	equip_type="3"
	dodge_bonus="5"
	ability_bonus_lck="2" 	
  />

  <ItemData _name="hat_chef"
	desc_name="Toque Blanche"
	image_filename="data/gfx/item_hat_chef.png" 
	equip_type="3"
	weapon_fire_rate="-0.1" 	
  />
  
  <ItemData _name="hat_cowboy"
	desc_name="Cowboy hat"
	image_filename="data/gfx/item_hat_cowboy.png" 
	equip_type="3"
	weapon_fire_rate="-0.1"
	weapon_damage="d6"
  />
  
  <ItemData _name="hat_emily"
	desc_name="Bowling hat"
	image_filename="data/gfx/item_hat_emily.png" 
	equip_type="3"
	dodge_bonus="3"
	ability_bonus_agl="1"
  />
  
  <ItemData _name="hat_military_helmet"
	desc_name="Combat helmet"
	image_filename="data/gfx/item_hat_military_helmet.png" 
	equip_type="3"
	armor="3"
  />
  
  <ItemData _name="hat_miner_helmet"
	desc_name="Mining helmet"
	image_filename="data/gfx/item_hat_miner_helmet.png" 
	equip_type="3"
	armor="1"
	speed_bonus="-1"
  />
  
  <ItemData _name="hat_pimp"
	desc_name="Pimp hat"
	image_filename="data/gfx/item_hat_pimp.png" 
	equip_type="3"
	dodge_bonus="10"
  />
  
  <ItemData _name="hat_propeller"
	desc_name="Propeller beanie"
	image_filename="data/gfx/item_hat_propeller.png" 
	equip_type="3"
	hp_bonus="20"
	dodge_bonus="20"
  />
  
  <ItemData _name="hat_santaclaus"
	desc_name="Hat of santa"
	image_filename="data/gfx/item_hat_santaclaus.png" 
	equip_type="3"
	item_drop_bonus="10"
  />
  
  <ItemData _name="hat_sherlock"
	desc_name="Deerstalker"
	image_filename="data/gfx/item_hat_sherlock.png" 
	equip_type="3"
	critical_change="5"
	special_change="10"
  />
  
  <ItemData _name="hat_tophat"
	desc_name="Top hat"
	image_filename="data/gfx/item_hat_tophat.png" 
	equip_type="3"
	armor="2"
	item_drop_bonus="2"
  />
  
  <ItemData _name="hat_train"
	desc_name="Conductor's cap"
	image_filename="data/gfx/item_hat_train.png" 
	equip_type="3"
	armor="1"
	hp_bonus="4"
  />
  
  <ItemData _name="hat_truckercap"
	desc_name="Trucker hat"
	image_filename="data/gfx/item_hat_truckercap.png" 
	equip_type="3"
	armor="1"
	ability_bonus_str="1"
	weapon_damage="d3"
  />
  
  <ItemData _name="hat_vanilla_ice"
	desc_name="Gansta cap"
	image_filename="data/gfx/item_hat_vanilla_ice.png" 
	equip_type="3"
	armor="0"
	attack_bonus="-10"
	dodge_bonus="-7"
  />
  
  <ItemData _name="hat_knittedblue"
	desc_name="Knitted hat of Odin"
	image_filename="data/gfx/item_hat_knittedblue.png" 
	equip_type="3"
	armor="2"
  />
  
  <ItemData _name="hat_knittedcap"
	desc_name="Knitted hat of Loki"
	image_filename="data/gfx/item_hat_knittedcap.png" 
	equip_type="3"
	attack_bonus="20"
  />

  <ItemData _name="hat_knittedgreen"
	desc_name="Knitted hat of Hiisi"
	image_filename="data/gfx/item_hat_knittedgreen.png" 
	equip_type="3"
	dodge_bonus="20"
  />

  <ItemData _name="hat_knittedgrey"
	desc_name="Knitted hat of Thor"
	image_filename="data/gfx/item_hat_knittedgrey.png" 
	equip_type="3"
	weapon_damage="d4"
  />

  <ItemData _name="hat_knittedredyellow"
	desc_name="Knitted hat of Ukko"
	image_filename="data/gfx/item_hat_knittedredyellow.png" 
	equip_type="3"
	weapon_fire_rate="-0.05"
  />
 
<!-- +++++++++++++++++++++++++++++++++++++++++++++++++++++++++++++++++++++++++++++ -->
<!-- +++ - ARMORS - +++ -->
<!--
  	armor="1"
	attack_bonus="10"
	dodge_bonus="10"
	hp_bonus="10"
	speed_bonus="10"
	
	[special abilities]
	ability_auto_reg="1" (bool)
	ability_auto_reg_wait_time=5
	ability_auto_reg_time_till_full_health=5
	ability_raise_dead="1" 		(bool)	// if you do this, remember to put consule_full_health as well :)
	
	-- hats can modify --
	weapon_damage=""
	weapon_fire_rate
	weapon_bullet_rand_angle
	weapon_recoil
	weapon_camera_shake_force
	weapon_camera_shake_time
	armor="1"
	attack_bonus="10"
	dodge_bonus="10"
	hp_bonus="10"

-----
item_armor_blessed.png

item_armor_crappy.png		1
item_armor_leather.png		2
item_armor_red.png		3
item_armor_plate.png		4
item_armor_chain.png		5
item_armor_gold.png		6

	// [ ] Armor Clothing 	
	// [ ] Vest w/ Plates 	
	// [ ] Armor Jacket 	
	// [ ] Lined Duster* 	
	
	[x] Armor Vest 			(1)
	[x] Pants			(1)
	[x] Personal Armour 		(2)
	[x] Light Security Armor	(2)

	[x] Medium Security Armor	(3)
	[x] Light Combat Armor 		(3)
	[x] Energy Armor		(3)
	
	[x] Heavy Combat Armor 		(4)
	[x] Flying Suit			(4)
	[x] Exoskeleton			(4)
	
	[x] Battle Armor		(5)
	[x] Power Suit 			(6)

	
	[x] Tin Foil Space Suit
	[x] Power Glove
	[x] Duct Tape Robocop Suit
	[x] Silver Paint
	[x] Golden Metal Bikini



-->
  <ItemData 	
	_name="tin_foil_space_suit" 
	desc_name="Tin Foil Space Suit"
	image_filename="data/gfx/item_armor_leather.png" 
	equip_type="2"
	armor="2"
	speed_bonus="10"
	dodge_bonus="10"
	weapon_fire_rate="-0.1"
        />
	
  <ItemData 	
	_name="power_glove" 
	desc_name="Power Glove"
	image_filename="data/gfx/item_armor_gold.png" 
	equip_type="2"
	armor="6"
	weapon_recoil="-0.5"
	weapon_camera_shake_force="-1.0"
        />
	
  <ItemData 	
	_name="duct_tape_robocop_suit" 
	desc_name="Duct Tape Robocop Suit"
	image_filename="data/gfx/item_armor_crappy.png" 
	equip_type="2"
	armor="1"
	ability_auto_reg="1" 
	ability_auto_reg_wait_time="6"
	ability_auto_reg_time_till_full_health="10"
	speed_bonus="2"
        />
	
  <ItemData 	
	_name="silver_paint_armor" 
	desc_name="Silver Paint"
	image_filename="data/gfx/item_armor_crappy.png" 
	equip_type="2"
	armor="1"
	weapon_recoil="0.05"
	weapon_camera_shake_force="0.15"
	weapon_camera_shake_time="0.15"
	dodge_bonus="45"
	speed_bonus="5"
        />

  <ItemData 	
	_name="golden_metal_bikini_armor" 
	desc_name="Golden Metal Bikini"
	image_filename="data/gfx/item_armor_crappy.png" 
	equip_type="2"
	armor="1"
	ability_raise_dead="1" 		
	consume_full_health="1" 
        />
	

  <!-- armor of 1 -->
  <ItemData 	
	_name="crappy_armor" 
	desc_name="Armor Vest"
	image_filename="data/gfx/item_armor_crappy.png" 
	equip_type="2"
	armor="1" 	
        />
	
  <ItemData 	
	_name="pants_armor" 
	desc_name="Pants"
	image_filename="data/gfx/item_armor_crappy.png" 
	equip_type="2"
	armor="1"
	speed_bonus="2"
        />

  <!-- armor of 2 -->
  <ItemData 	
	_name="leather_armor" 
	desc_name="Personal Armour"
	image_filename="data/gfx/item_armor_leather.png" 
	equip_type="2"
	armor="2"
        />
	
  <ItemData 	
	_name="light_security_armor" 
	desc_name="Light Security Armor"
	image_filename="data/gfx/item_armor_leather.png" 
	equip_type="2"
	armor="2" 
	dodge_bonus="5"
	speed_bonus="-1"
        />
	
  <!-- armor of 3 -->
  
  <ItemData 	
	_name="medium_security_armor" 
	desc_name="Medium Security Armor"
	image_filename="data/gfx/item_armor_red.png" 
	equip_type="2"
	armor="3"
	dodge_bonus="0"
	hp_bonus="5"
	speed_bonus="-2"
        />

  <ItemData 	
	_name="light_combat_armor" 
	desc_name="Light Combat Armor"
	image_filename="data/gfx/item_armor_red.png" 
	equip_type="2"
	armor="3"
	dodge_bonus="10"
	speed_bonus="2"
        />
	
  <ItemData 	
	_name="energy_armor" 
	desc_name="Energy Armor"
	image_filename="data/gfx/item_armor_red.png" 
	equip_type="2"
	armor="3"
	dodge_bonus="20"
        />

  <!-- armor of 4 -->
  
  <ItemData 	
	_name="heavy_combat_armor" 
	desc_name="Heavy Combat Armor"
	image_filename="data/gfx/item_armor_plate.png" 
	equip_type="2"
	armor="4"
	dodge_bonus="-10"
	attack_bonus="5"
	speed_bonus="-2"
        />

   <ItemData 	
	_name="flying_suit" 
	desc_name="Flying Suit"
	image_filename="data/gfx/item_armor_plate.png" 
	equip_type="2"
	armor="4"
	weapon_recoil="0.05"
	dodge_bonus="10"
	speed_bonus="10"
        />
	
    <ItemData 	
	_name="exoskeleton" 
	desc_name="Exoskeleton"
	image_filename="data/gfx/item_armor_plate.png" 
	equip_type="2"
	armor="4"
	dodge_bonus="10"
	attack_bonus="10"
	speed_bonus="5"
        />
	

  <!-- armor of 5 -->
  <ItemData 	
	_name="battle_armor" 
	desc_name="Battle Armor"
	image_filename="data/gfx/item_armor_chain.png" 
	equip_type="2"
	armor="5"
	weapon_recoil="-0.1"
	dodge_bonus="-15"
	speed_bonus="-4"
        />

  <!-- armor of 6 -->
  <ItemData 	
	_name="power_suit" 
	desc_name="Power Suit"
	image_filename="data/gfx/item_armor_gold.png" 
	equip_type="2"
	armor="6"
	weapon_recoil="-0.5"
	dodge_bonus="-20"
	speed_bonus="-4"
        />
	

  <!-- rare armors -->


<!-- +++++++++++++++++++++++++++++++++++++++++++++++++++++++++++++++++++++++++++++ -->
  <!-- MEDIKIT -->
  <ItemData 
	_name="medikit" 
	image_filename="data/gfx/item_medikit.png" 
	equip_type="4" 	
	consume_hp_bonus="10" />


  <!-- CASH -->
  <ItemData 
	_name="gold_25"
	image_filename="data/gfx/item_gold.png" 
	equip_type="6"
	consume_gold_min="5"
	consume_gold_max="25"
	/>

  <ItemData 
	_name="gold_100"
	image_filename="data/gfx/item_gold.png" 
	equip_type="6"
	consume_gold_min="80"
	consume_gold_max="100"
	/>

</Config>
