<Levels>
  <!-- 
  	Items refer to item drop tables defined in item_drops.xml
	Enemies set refers to enemies defined in units.xml
  -->

  <LevelData enemy_count_max="30" enemy_count_min="20" item_count_min="1" item_count_max="1" level_size="2" player_level="1" >
    <Enemies>
      <Set change="0.5" value="2" >
      </Set>
      <Set change="0.32" value="3" >
      </Set>
      <Set change="0.09" value="4" >
      </Set>
      <Set change="0.09" value="5" >
      </Set>
      <Set change="0.02" value="6" >
      </Set>
      <Set change="0.01" value="7" >
      </Set>
      <Set change="0.25" value="8" /> <!-- space rat -->
    </Enemies>
    <Items>
      <Set change="1" value="hats" />
    </Item>
  </LevelData>

  <LevelData enemy_count_max="50" enemy_count_min="36" item_count_min="0" item_count_max="3" level_size="2" player_level="2" >
    <Enemies>
      <Set change="0.1" value="2" >
      </Set>
      <Set change="0.1" value="3" >
      </Set>
      <Set change="0.25" value="4" >
      </Set>
      <Set change="0.25" value="5" >
      </Set>
      <Set change="0.04" value="6" >
      </Set>
      <Set change="0.01" value="7" >
      </Set>
      <Set change="0.05" value="8" /> <!-- space rat -->
    </Enemies>
    <Items>
      <Set change="1" value="mostly_cash" />
    </Item>
  </LevelData>

  <LevelData enemy_count_max="50" enemy_count_min="40" item_count_min="0" item_count_max="3" level_size="2" player_level="3" >
    <Enemies>
      <Set change="0.1" value="2" >
      </Set>
      <Set change="0.1" value="3" >
      </Set>
      <Set change="0.25" value="4" >
      </Set>
      <Set change="0.25" value="5" >
      </Set>
      <Set change="0.04" value="6" >
      </Set>
      <Set change="0.01" value="7" >
      </Set>
    </Enemies>
    <Items>
      <Set change="1" value="mostly_cash" />
    </Item>
  </LevelData>

  <!--- UNBALANCED HACK -->

  <LevelData enemy_count_max="40" enemy_count_min="30" level_size="2" player_level="4" >
    <Enemies>
      <Set change="0.45" value="4" />
      <Set change="0.45" value="5" />
      <Set change="0.20" value="6" />
      <Set change="0.85" value="15" /> <!-- clean bot -->
      <Set change="0.85" value="16" /> <!-- space orc -->
      <Set change="0.85" value="17" /> <!-- space org with a helmet -->
      <Set change="0.01" value="11" /> <!-- black ghost -->
      <Set change="0.01" value="12" /> <!-- priest male -->
      <Set change="0.01" value="13" /> <!-- priest female -->
      <Set change="0.01" value="14" /> <!-- brain tentacles -->

      <Set change="0.05" value="8" /> <!-- space rat -->
      <Set change="0.01" value="7" /> <!-- cacodemon -->
      <Set change="0.002" value="9" /> <!-- santa claus -->

    </Enemies>
    <Items>
      <Set change="1" value="mostly_cash" />
    </Item>
  </LevelData>

  <LevelData enemy_count_max="50" enemy_count_min="40" level_size="2" player_level="5" >
    <Enemies>
      <Set change="0.15" value="4" />
      <Set change="0.15" value="5" />
      <Set change="0.04" value="6" />
      
      <Set change="1.0" value="18" /> <!-- jeff minter -->
      <Set change="0.35" value="15" /> <!-- clean bot -->
      <Set change="0.25" value="16" /> <!-- space orc -->
      <Set change="0.45" value="17" /> <!-- space org with a helmet -->
      <Set change="0.45" value="11" /> <!-- black ghost -->
      <Set change="0.45" value="12" /> <!-- priest male -->
      <Set change="0.35" value="13" /> <!-- priest female -->
      <Set change="0.1" value="14" /> <!-- brain tentacles -->

      <Set change="0.02" value="8" /> <!-- space rat -->
      <Set change="0.02" value="7" /> <!-- cacodemon -->
      <Set change="0.002" value="9" /> <!-- santa claus -->
      <Set change="0.001" value="9" /> <!-- robo santa -->

    </Enemies>
    <Items>
      <Set change="1" value="mostly_cash" />
    </Item>
  </LevelData>



  <LevelData enemy_count_max="40" enemy_count_min="20" level_size="2" player_level="6" is_last_level="1" >
    <Enemies>
      <Set change="1.0" value="7" />
    </Enemies>
    <Items>
      <Set change="1" value="mostly_cash" />
    </Item>
  </LevelData>

  <LevelData enemy_count_max="120" enemy_count_min="80" level_size="2" player_level="7"  >
    <Enemies>
      <Set change="1.0" value="7" />
    </Enemies>
    <Items>
      <Set change="1" value="mostly_cash" />
    </Item>
  </LevelData>

  <LevelData enemy_count_max="200" enemy_count_min="100" level_size="2" player_level="8" >
    <Enemies>
      <Set change="1.0" value="7" />
    </Enemies>
    <Items>
      <Set change="1" value="mostly_cash" />
    </Item>
  </LevelData>

</Levels>
