<Config>
  <UnitData _id="1" armor="0" bullet_speed="64" bullet_type="3" change_of_hat="0" damage="d4" drop_expo="100" drop_items_max="0" drop_items_min="0" drop_items_table_name="" expo="0" fire_radius="25" fire_rate="1" hp="24" image_filename="data/gfx/unit_player.png" is_boss="0" level="1" on_death="" radius="3.5" skill_attack="10" skill_dodge="10" speed="12" >
  </UnitData>
  <UnitData _id="2" armor="0" bullet_speed="48" bullet_type="green_blob_small" change_of_hat="0" damage="d3" drop_expo="10" drop_items_max="1" drop_items_min="0" drop_items_table_name="mostly_cash" expo="0" fire_radius="20" fire_rate="1.5" hp="4" image_filename="data/gfx/unit_enemy_slime_green_small.png" is_boss="0" level="1" on_death="" radius="3.5" skill_attack="7.5" skill_dodge="7.5" speed="8" >
  </UnitData>
  <UnitData _id="3" armor="1" bullet_speed="64" bullet_type="green_blob" change_of_hat="0" damage="d5" drop_expo="20" drop_items_max="1" drop_items_min="1" drop_items_table_name="level1_drops" expo="0" fire_radius="25" fire_rate="1.5" hp="6" image_filename="data/gfx/unit_enemy_slime_green.png" is_boss="0" level="1" on_death="" radius="3.5" skill_attack="15" skill_dodge="7.5" speed="8" >
  </UnitData>
  <UnitData _id="4" armor="2" bullet_speed="64" bullet_type="black_blob" change_of_hat="0" damage="d6" drop_expo="30" drop_items_max="3" drop_items_min="1" drop_items_table_name="level1_drops" expo="0" fire_radius="25" fire_rate="1.5" hp="6" image_filename="data/gfx/unit_enemy_slime_black.png" is_boss="0" level="1" on_death="" radius="3.5" skill_attack="22.5" skill_dodge="7.5" speed="8" >
  </UnitData>
  <UnitData _id="5" armor="0" bullet_speed="64" bullet_type="laser_white" change_of_hat="0.1" damage="d6" drop_expo="30" drop_items_max="3" drop_items_min="1" drop_items_table_name="level1_drops" expo="0" fire_radius="25" fire_rate="1" hp="5" image_filename="data/gfx/unit_enemy_skeleton.png" is_boss="0" level="1" on_death="" radius="3.5" skill_attack="37.5" skill_dodge="15" speed="8" >
  </UnitData>
  <UnitData _id="6" armor="3" bullet_speed="64" bullet_type="green_blob" change_of_hat="0" damage="d6+d2" drop_expo="55" drop_items_max="6" drop_items_min="3" drop_items_table_name="level1_drops" expo="0" fire_radius="25" fire_rate="1" hp="15" image_filename="data/gfx/unit_enemy_slime_green_big.png" is_boss="0" level="1" on_death="" radius="3.5" skill_attack="45" skill_dodge="7.5" speed="8" >
  </UnitData>
  <UnitData _id="7" armor="3" bullet_speed="100" bullet_type="laser_red" change_of_hat="0.1" damage="d8+d4" drop_expo="200" drop_items_max="8" drop_items_min="4" drop_items_table_name="level4_drops" expo="0" fire_radius="25" fire_rate="1" hp="20" image_filename="data/gfx/unit_enemy_cacodemon.png" is_boss="0" level="1" on_death="" radius="3.5" skill_attack="60" skill_dodge="30" speed="8" >
  </UnitData>
  <UnitData _id="8" armor="0" bullet_speed="48" bullet_type="pistol_bullet" change_of_hat="0" damage="d2" drop_expo="15" drop_items_max="1" drop_items_min="0" drop_items_table_name="mostly_cash" expo="0" fire_radius="20" fire_rate="1" hp="6" image_filename="data/gfx/unit_enemy_space_rat.png" is_boss="0" level="1" on_death="" radius="3.5" skill_attack="15" skill_dodge="15" speed="8" >
  </UnitData>
  <UnitData _id="9" armor="5" bullet_speed="100" bullet_type="laser_red" change_of_hat="0.1" damage="d8+d4" drop_expo="500" drop_items_max="20" drop_items_min="10" drop_items_table_name="hats" expo="0" fire_radius="25" fire_rate="1" hp="24" image_filename="data/gfx/unit_enemy_santa_claus.png" is_boss="0" level="1" on_death="" radius="3.5" skill_attack="75" skill_dodge="37.5" speed="8" >
  </UnitData>
  <UnitData _id="10" armor="10" bullet_speed="100" bullet_type="laser_red" change_of_hat="0.1" damage="d8+d4+d8+d6" drop_expo="1000" drop_items_max="5" drop_items_min="1" drop_items_table_name="hats" expo="0" fire_radius="25" fire_rate="1" hp="40" image_filename="data/gfx/unit_enemy_robo_santa.png" is_boss="0" level="1" on_death="" radius="3.5" skill_attack="150" skill_dodge="112.5" speed="8" >
  </UnitData>
  <UnitData _id="11" armor="3" bullet_speed="48" bullet_type="laser_black" change_of_hat="0.1" damage="d6+d4" drop_expo="50" drop_items_max="2" drop_items_min="0" drop_items_table_name="level4_drops" expo="0" fire_radius="25" fire_rate="1" hp="8" image_filename="data/gfx/unit_enemy_black_ghost.png" is_boss="0" level="1" on_death="" radius="3.5" skill_attack="22.5" skill_dodge="37.5" speed="8" >
  </UnitData>
  <UnitData _id="12" armor="4" bullet_speed="64" bullet_type="laser_blue" change_of_hat="0.1" damage="d6" drop_expo="50" drop_items_max="2" drop_items_min="0" drop_items_table_name="level4_drops" expo="0" fire_radius="25" fire_rate="1" hp="14" image_filename="data/gfx/unit_enemy_space_priest_male.png" is_boss="0" level="1" on_death="" radius="3.5" skill_attack="60" skill_dodge="22.5" speed="8" >
  </UnitData>
  <UnitData _id="13" armor="3" bullet_speed="64" bullet_type="laser_blue" change_of_hat="0.1" damage="d6" drop_expo="50" drop_items_max="2" drop_items_min="0" drop_items_table_name="level4_drops" expo="0" fire_radius="25" fire_rate="0.7" hp="14" image_filename="data/gfx/unit_enemy_space_priest_female.png" is_boss="0" level="1" on_death="" radius="3.5" skill_attack="37.5" skill_dodge="82.5" speed="8" >
  </UnitData>
  <UnitData _id="14" armor="5" bullet_speed="64" bullet_type="laser_red" change_of_hat="0.1" damage="d6+d6" drop_expo="100" drop_items_max="3" drop_items_min="1" drop_items_table_name="level4_drops" expo="0" fire_radius="25" fire_rate="1" hp="9" image_filename="data/gfx/unit_enemy_pink_mother.png" is_boss="0" level="1" on_death="" radius="3.5" skill_attack="67.5" skill_dodge="82.5" speed="8" >
  </UnitData>
  <UnitData _id="15" armor="2" bullet_speed="64" bullet_type="laser_red" change_of_hat="0.1" damage="d8" drop_expo="40" drop_items_max="2" drop_items_min="0" drop_items_table_name="level3_drops" expo="0" fire_radius="25" fire_rate="1" hp="7" image_filename="data/gfx/unit_enemy_cleaning_bot.png" is_boss="0" level="1" on_death="" radius="3.5" skill_attack="37.5" skill_dodge="0" speed="8" >
  </UnitData>
  <UnitData _id="16" armor="0" bullet_speed="64" bullet_type="ray_blue" change_of_hat="0.1" damage="d6+d2" drop_expo="40" drop_items_max="1" drop_items_min="0" drop_items_table_name="level3_drops" expo="0" fire_radius="25" fire_rate="1" hp="9" image_filename="data/gfx/unit_enemy_space_orc.png" is_boss="0" level="1" on_death="" radius="3.5" skill_attack="37.5" skill_dodge="0" speed="8" >
  </UnitData>
  <UnitData _id="17" armor="3" bullet_speed="64" bullet_type="ray_blue" change_of_hat="0.1" damage="d6+d2" drop_expo="60" drop_items_max="3" drop_items_min="1" drop_items_table_name="level3_drops" expo="0" fire_radius="25" fire_rate="1" hp="9" image_filename="data/gfx/unit_enemy_space_orc_with_a_helmet.png" is_boss="0" level="1" on_death="" radius="3.5" skill_attack="37.5" skill_dodge="0" speed="8" >
  </UnitData>
  <UnitData _id="18" armor="2" bullet_speed="64" bullet_type="ray_blue" change_of_hat="0" damage="d6+d3" drop_expo="70" drop_items_max="1" drop_items_min="0" drop_items_table_name="level3_drops" expo="0" fire_radius="25" fire_rate="1" hp="10" image_filename="data/gfx/unit_enemy_jeff_minter.png" is_boss="0" level="1" on_death="" radius="3.5" skill_attack="52.5" skill_dodge="37.5" speed="8" >
  </UnitData>
  <UnitData _id="19" armor="10" bullet_speed="96" bullet_type="dead_skull" change_of_hat="0" damage="d6+d6" drop_expo="10" drop_items_max="1" drop_items_min="0" drop_items_table_name="mostly_cash" expo="0" fire_radius="25" fire_rate="0.75" hp="40" image_filename="data/gfx/unit_boss_cthulhu.png" is_boss="1" level="1" on_death="KilledBoss()" radius="7.5" skill_attack="100" skill_dodge="70" speed="8" >
  </UnitData>
</Config>
