<Config>

  <!-- PLAYER -->
  <UnitData 
	_id="1" 
	image_filename="data/gfx/unit_player.png"	
	
	bullet_speed="64" 
	bullet_type="3" 
	drop_expo="100" 
	expo="0" 
	fire_radius="25" 
	fire_rate="1.0" 
	armor="0" 
	damage="d4" 
	hp="24" 
	skill_attack="10" 
	skill_dodge="10"
	speed="18" >
  </UnitData>


  <!-- LEVEL 1 units -->
  <!-- GREEN SLIME enemies -->

  <UnitData 
        _name="green_slime_small"
	_id="2" 
	armor="0" 
	bullet_speed="48" 
	bullet_type="green_blob_small" 
	change_of_hat="0"
	damage="d3" 
	drop_expo="10" 
	expo="0" 
	fire_radius="20" 
	fire_rate="1.5" 
	hp="4" 
	image_filename="data/gfx/unit_enemy_slime_green_small.png" 
	skill_attack="5" 
	skill_dodge="5" 
	
	drop_items_min="0" 
	drop_items_max="1" 
	drop_items_table_name="mostly_cash"
	>
  </UnitData>

  <!-- space rat -->
  <UnitData 
        _name="space_rat"
	_id="8" 
	armor="0" 
	bullet_speed="48" 
	bullet_type="pistol_bullet" 
	change_of_hat="0"
	damage="d2" 
	drop_expo="15" 
	expo="0" 
	fire_radius="20" 
	fire_rate="1.0" 
	hp="6" 
	image_filename="data/gfx/unit_enemy_space_rat.png" 
	skill_attack="10" 
	skill_dodge="10" 
	
	drop_items_min="0" 
	drop_items_max="1" 
	drop_items_table_name="mostly_cash"
	>
  </UnitData>

  <!-- GREEN SLIME NORMAL -->
  <UnitData 
        _name="green_slime"
	_id="3" 
	armor="1" 
	bullet_speed="64" 
	bullet_type="green_blob"
	change_of_hat="0"	
	damage="d5" 
	drop_expo="20" 
	expo="0" 
	fire_radius="25" 
	fire_rate="1.5" 
	hp="6" 
	image_filename="data/gfx/unit_enemy_slime_green.png" 
	skill_attack="10" 
	skill_dodge="5" 
	drop_items_min="1" 
	drop_items_max="1" 
	drop_items_table_name="level1_drops" >
  </UnitData>

  <!-- LEVEL 2 enemies -->

  <!-- BLACK SLIME -->
  <UnitData 
        _name="black_slime"
	_id="4" 
	armor="2" 
	bullet_speed="64" 
	bullet_type="black_blob" 
	change_of_hat="0"
	damage="d6" 
	drop_expo="30" 
	expo="0" 
	fire_radius="25" 
	fire_rate="1.5" 
	hp="6" 
	image_filename="data/gfx/unit_enemy_slime_black.png" 
	skill_attack="15" 
	skill_dodge="5" 
	drop_items_min="1" 
	drop_items_max="3" 
	drop_items_table_name="level1_drops" >
  </UnitData>

  <!-- SKELETON -->
  <UnitData 
        _name="lindsay_lohan"
	_id="5" 
	armor="0" 
	bullet_speed="64" 
	bullet_type="laser_white"
	change_of_hat="0.1"	
	damage="d6" 
	drop_expo="30" 
	expo="0" 
	fire_radius="25" 
	fire_rate="1.0" 
	hp="5" 
	image_filename="data/gfx/unit_enemy_skeleton.png" 
	skill_attack="25" 
	skill_dodge="10"
	drop_items_min="1" 
	drop_items_max="3" 
	drop_items_table_name="level1_drops"  >
  </UnitData>

  <!-- LEVEL 3 enemies -->
  <UnitData 
        _name="cleaning_bot"
	_id="15" 
	armor="2" 
	bullet_speed="64" 
	bullet_type="laser_red" 
	change_of_hat="0.1"
	damage="d8" 
	drop_expo="40" 
	expo="0" 
	fire_radius="25" 
	fire_rate="1.0" 
	hp="7" 
	image_filename="data/gfx/unit_enemy_cleaning_bot.png" 
	skill_attack="25" 
	skill_dodge="0"
	drop_items_min="0" 
	drop_items_max="2" 
	drop_items_table_name="level3_drops"  >
  </UnitData>


  <UnitData 
        _name="space_orc"
	_id="16" 
	armor="0" 
	bullet_speed="64" 
	bullet_type="ray_blue" 
	change_of_hat="0.1"
	damage="d6+d2" 
	drop_expo="40" 
	expo="0" 
	fire_radius="25" 
	fire_rate="1.0" 
	hp="9" 
	image_filename="data/gfx/unit_enemy_space_orc.png" 
	skill_attack="25" 
	skill_dodge="0"
	drop_items_min="0" 
	drop_items_max="1" 
	drop_items_table_name="level3_drops"  >
  </UnitData>

  <UnitData 
        _name="space_orc_with_a_helmet"
	_id="17" 
	armor="3" 
	bullet_speed="64" 
	bullet_type="ray_blue" 
	change_of_hat="0.1"
	damage="d6+d2" 
	drop_expo="60" 
	expo="0" 
	fire_radius="25" 
	fire_rate="1.0" 
	hp="9" 
	image_filename="data/gfx/unit_enemy_space_orc_with_a_helmet.png" 
	skill_attack="25" 
	skill_dodge="0"
	drop_items_min="1" 
	drop_items_max="3" 
	drop_items_table_name="level3_drops"  >
  </UnitData>

  <UnitData 
        _name="jeff_minter"
	_id="18" 
	armor="2" 
	bullet_speed="64" 
	bullet_type="ray_blue" 
	change_of_hat="0"
	damage="d6+d3" 
	drop_expo="70" 
	expo="0" 
	fire_radius="25" 
	fire_rate="1.0" 
	hp="10" 
	image_filename="data/gfx/unit_enemy_jeff_minter.png"
	skill_attack="35" 
	skill_dodge="25"
	drop_items_min="0" 
	drop_items_max="1" 
	drop_items_table_name="level3_drops"  >
  </UnitData>

  <!-- Level 4 -->
  <!-- GREEN SLIME BIG -->
  <UnitData 
        _name="green_slime_big"
	_id="6" 
	armor="3" 
	bullet_speed="64" 
	bullet_type="green_blob" 
	change_of_hat="0"
	damage="d6+d2" 
	drop_expo="55" 
	expo="0" 
	fire_radius="25" 
	fire_rate="1.0" 
	hp="15" 
	image_filename="data/gfx/unit_enemy_slime_green_big.png" 
	skill_attack="30" 
	skill_dodge="5"
	drop_items_min="3" 
	drop_items_max="6" 
	drop_items_table_name="level1_drops"  >
  </UnitData>

  <!-- Level 5 -->
  <!-- black ghost -->
  <UnitData 
        _name="black_ghost"
	_id="11" 
	armor="3" 
	bullet_speed="48" 
	bullet_type="laser_black"
	change_of_hat="0.1"	
	damage="d6+d4" 
	drop_expo="50" 
	expo="0" 
	fire_radius="25" 
	fire_rate="1.0" 
	hp="8" 
	image_filename="data/gfx/unit_enemy_black_ghost.png" 
	skill_attack="15" 
	skill_dodge="25"
	drop_items_min="0" 
	drop_items_max="2" 
	drop_items_table_name="level4_drops"  >
  </UnitData>

  <!-- Cthulhu priest male -->
  <UnitData 
        _name="cthulu_priest_male"
	_id="12" 
	armor="4" 
	bullet_speed="64" 
	bullet_type="laser_blue" 
	change_of_hat="0.1"
	damage="d6" 
	drop_expo="50" 
	expo="0" 
	fire_radius="25" 
	fire_rate="1.0" 
	hp="14" 
	image_filename="data/gfx/unit_enemy_space_priest_male.png" 
	skill_attack="40" 
	skill_dodge="15"
	drop_items_min="0" 
	drop_items_max="2" 
	drop_items_table_name="level4_drops"  >
  </UnitData>

  <!-- Cthulhu priest female -->
  <UnitData 
        _name="cthulu_priest_female"
	_id="13" 
	armor="3" 
	bullet_speed="64" 
	bullet_type="laser_blue" 
	change_of_hat="0.1"
	damage="d6" 
	drop_expo="50" 
	expo="0" 
	fire_radius="25" 
	fire_rate="0.7" 
	hp="14" 
	image_filename="data/gfx/unit_enemy_space_priest_female.png" 
	skill_attack="25" 
	skill_dodge="55"
	drop_items_min="0" 
	drop_items_max="2" 
	drop_items_table_name="level4_drops"  >
  </UnitData>

  <!-- brain with tentacles -->
  <UnitData 
        _name="brain_with_tentacles"
	_id="14" 
	armor="5" 
	bullet_speed="64" 
	bullet_type="laser_red" 
	change_of_hat="0.1"
	damage="d6+d6" 
	drop_expo="100" 
	expo="0" 
	fire_radius="25" 
	fire_rate="1.0" 
	hp="9" 
	image_filename="data/gfx/unit_enemy_pink_mother.png" 
	skill_attack="45" 
	skill_dodge="55"
	drop_items_min="1" 
	drop_items_max="3" 
	drop_items_table_name="level4_drops"  >
  </UnitData>

  <!--   BOSS -->
  <UnitData 
        _name="boss_cthulhu"
	_id="19" 
	is_boss="1"
	armor="10" 
	bullet_speed="96" 
	bullet_type="dead_skull" 
	change_of_hat="0"
	damage="d6+d6" 
	drop_expo="10" 
	expo="0" 
	fire_radius="35" 
	fire_rate="0.75" 
	hp="5" 
	image_filename="data/gfx/unit_boss_cthulhu.png" 
	skill_attack="90" 
	skill_dodge="70" 
	radius="7.5"
	on_death="KilledBoss()"
	
	drop_items_min="0" 
	drop_items_max="1" 
	drop_items_table_name="mostly_cash" >
  </UnitData>
  <!-- CACODEMON -->
  <UnitData 
	_name="cacodemon"
	_id="7" armor="3" bullet_speed="100" bullet_type="laser_red" change_of_hat="0.1" damage="d8+d4" drop_expo="200" expo="0" fire_radius="25" fire_rate="1.0" hp="20" image_filename="data/gfx/unit_enemy_cacodemon.png" skill_attack="40" skill_dodge="20" drop_items_min="4" 
	drop_items_max="8" 
	drop_items_table_name="level4_drops"  >
  </UnitData>

  <!-- SANTA CLAUS -->
  <UnitData 
	_name="santa_claus"
	_id="9" 
	armor="5" 
	bullet_speed="100" 
	bullet_type="laser_red" 
	change_of_hat="0.1"
	damage="d8+d4" 
	drop_expo="500" 
	expo="0" 
	fire_radius="25" 
	fire_rate="1.0" 
	hp="24" 
	image_filename="data/gfx/unit_enemy_santa_claus.png" 
	skill_attack="50" 
	skill_dodge="25" 
	drop_items_min="10" 
	drop_items_max="20" 
	drop_items_table_name="hats"  >
  </UnitData>

 
  <!-- ROBO SANTA -->
  <UnitData 
	_name="robo_santa"
	_id="10" 
	armor="10" 
	bullet_speed="100" 
	bullet_type="laser_red" 
	change_of_hat="0.1"
	damage="d8+d4+d8+d6" 
	drop_expo="1000" 
	expo="0" 
	fire_radius="25" 
	fire_rate="1.0" 
	hp="40" 
	image_filename="data/gfx/unit_enemy_robo_santa.png" 
	skill_attack="100" 
	skill_dodge="70" 
	drop_items_min="1" 
	drop_items_max="5" 
	drop_items_table_name="hats"  >
  </UnitData>
</Config>
