<LevelList>
 <Level completed="0" filename="" position="0" >
  </Level>
  <Level completed="0" filename="data/levels/level_intro.xml" position="1" >
  </Level>
  <Level completed="0" filename="data/levels/level_01.xml" position="2" >
  </Level>
  <Level completed="0" filename="data/levels/level_02.xml" position="3" >
  </Level>
  <Level completed="0" filename="data/levels/level_03.xml" position="4" >
  </Level>
  <Level completed="0" filename="data/levels/level_04.xml" position="5" >
  </Level>
  <Level completed="0" filename="data/levels/level_05.xml" position="6" >
  </Level>
  <Level completed="0" filename="data/levels/level_06.xml" position="7" >
  </Level>
  <Level completed="0" filename="data/levels/level_07.xml" position="8" >
  </Level>
  <Level completed="0" filename="data/levels/level_08.xml" position="9" >
  </Level>
  <Level completed="0" filename="data/levels/level_09.xml" position="10" >
  </Level>
  <Level completed="0" filename="data/levels/level_outro.xml" position="11" >
  </Level>
  <Level completed="0" filename="data/levels/level_11.xml" position="12" >
  </Level>
  <Level completed="0" filename="data/levels/level_12.xml" position="13" >
  </Level>
  <Level completed="0" filename="data/levels/level_13.xml" position="14" >
  </Level>
  <Level completed="0" filename="data/levels/level_14.xml" position="15" >
  </Level>
</LevelList>
