<Fishing>
  <TimeStep>45</TimeStep>
  <PoisonAmount>1500</PoisonAmount>

  <GameSetup Nh="40" Nw="80" diff="0" dt="0.1" gfx_h="10" gfx_w="10" gfx_x="0" gfx_y="134" visc="0" render_gfx="1" ></GameSetup>

  <FishManager fishes_frequency="35" max_fishes="15" remove_dead_fish="0" >
    <FishBases>
      <Fish type="0" >
        <speed>7.5</speed>
        <panic_speed>15</panic_speed>
        <danger_level>0.2</danger_level>
        <hit_points>12</hit_points>
        <how_fast_move>3</how_fast_move>
	<go_with_flow_factor>10.0</go_with_flow_factor>
	<random_y_low>3</random_y_low>
	<random_y_high>32</random_y_high>
        <score>20</score>      
      </Fish>

      <Fish type="1" >
        <speed>7.5</speed>
        <panic_speed>15</panic_speed>
        <danger_level>0.1</danger_level>
        <hit_points>7</hit_points>
        <how_fast_move>3</how_fast_move>
	<go_with_flow_factor>12.0</go_with_flow_factor>
	<random_y_low>1</random_y_low>
	<random_y_high>15</random_y_high>
        <score>10</score>      
      </Fish>

      <Fish type="2" >
        <speed>12.5</speed>
        <panic_speed>20</panic_speed>
        <danger_level>0.3</danger_level>
        <hit_points>25</hit_points>
        <how_fast_move>4</how_fast_move>
	<go_with_flow_factor>6.5</go_with_flow_factor>
	<random_y_low>25</random_y_low>
	<random_y_high>39</random_y_high>
        <score>35</score>
      </Fish>
    </FishBases>
  </FishManager>

  <GfxFactory>
    <Sprite handle="0" sprite_file="data/gfx/fish_02.xml" ></Sprite>
    <Sprite handle="1" sprite_file="data/gfx/fish_05.xml" ></Sprite>
    <Sprite handle="2" sprite_file="data/gfx/fish_04.xml" ></Sprite>
  </GfxFactory>

</Fishing>
