<BloodyLevel>
  <LevelImage>
    data/levels/level_02.png
  </LevelImage>
  <BackgroundImage>
    data/gfx/bloody_background.png
  </BackgroundImage>
  <GroundColor a="0" b="102" g="153" r="255" >
  </GroundColor>

  <GameMessage radius="30" x="54" y="230" >
    <Image>data/gfx/tutorial_lawn.png</Image>
    <Animation>tutorial_hidden</Animation>
    <Xpos>15</Xpos>
    <Ypos>160</Ypos>

    <Timed>1</Timed>
    <HowLong>0</HowLong>
    <TimedEvent>tutorial</TimedEvent>
  </GameMessage>

 <GameMessage radius="60" x="128" y="230" >
    <Image>data/gfx/tutorial_gas.png</Image>
    <Animation>tutorial_hidden</Animation>
    <Xpos>80</Xpos>
    <Ypos>177</Ypos>

    <Timed>1</Timed>
    <HowLong>0</HowLong>
    <TimedEvent>tutorial</TimedEvent>
  </GameMessage>
</BloodyLevel>
