<BloodyLevel>
  <LevelImage>
    data/levels/level_intro.png
  </LevelImage>
  <BackgroundImage>
    data/gfx/background_intro.png
  </BackgroundImage>
  <GroundColor a="0" b="0" g="0" r="0" >
  </GroundColor>

  <CameraPan>1</CameraPan>
  <CameraPanSpeed>1</CameraPanSpeed>
  <CameraPanX>64</CameraPanX>
  <CameraPanY>48</CameraPanY>

  <BloodSucker>1</BloodSucker>

  <GameMessage radius="256" x="128" y="128" >
    <Image>data/gfx/intro_helper.png</Image>
    <Animation>intro_helper_animation</Animation>
    <Xpos>
      0
    </Xpos>
    <Ypos>84</Ypos>
  </GameMessage>
  
  <GameMessage radius="30" x="204" y="230" >
    <Image>data/gfx/intro_animation.png</Image>
    <Animation>intro_capture</Animation>
    <Xpos>229</Xpos>
    <Ypos>183</Ypos>
  </GameMessage>
  
  <GameMessage radius="30" x="204" y="230" >
    <Image>data/gfx/intro_speech.png</Image>
    <Animation>intro_speech</Animation>
    <Xpos>156</Xpos>
    <Ypos>176</Ypos>
  </GameMessage>
  
  <GameMessage radius="30" x="64" y="230" >
    <Image>data/gfx/tutorial_move.png</Image>
    <Animation>tutorial_hidden</Animation>
    <Xpos>20</Xpos>
    <Ypos>175</Ypos>

    <Timed>1</Timed>
    <HowLong>10000</HowLong>
    <TimedEvent>tutorial</TimedEvent>
  </GameMessage>

</BloodyLevel>
