<BloodyLevel>
  <LevelImage>
    data/levels/level_03.png
  </LevelImage>
  <BackgroundImage>
    data/gfx/bloody_background.png
  </BackgroundImage>
  <GroundColor a="0" b="102" g="153" r="255" >
  </GroundColor>

  <GameMessage radius="45" x="134" y="235" >
    <Image>data/gfx/tutorial_surf.png</Image>
    <Animation>tutorial_hidden</Animation>
    <Xpos>94</Xpos>
    <Ypos>161</Ypos>

    <Timed>1</Timed>
    <HowLong>0</HowLong>
    <TimedEvent>tutorial</TimedEvent>
  </GameMessage>

</BloodyLevel>
