<BloodyLevel>
  <LevelImage>
    data/levels/level_outro.png
  </LevelImage>
  <BackgroundImage>
    data/gfx/outro_background.png
  </BackgroundImage>
  <GroundColor a="0" b="102" g="153" r="255" >
  </GroundColor>

  <Outro>1</Outro>

 <GameMessage radius="256" x="128" y="128" >
    <Image>data/gfx/outro_speech.png</Image>
    <Animation>outro_speech</Animation>
    <Xpos>63</Xpos>
    <Ypos>205</Ypos>
  </GameMessage>

 <GameMessage radius="256" x="128" y="128" >
    <Image>data/gfx/outro_animation.png</Image>
    <Animation>outro_hang</Animation>
    <Xpos>97</Xpos>
    <Ypos>239</Ypos>
    <Timed>1</Timed>
    <HowLong>11250</HowLong>
    <TimedEvent>outro_shoot</TimedEvent>
  </GameMessage>


</BloodyLevel>
